id,user_id,created,updated,place_id,status,type
60594,423,2021-02-08 21:19:10+00:00,2022-08-02 23:17:26+00:00,59897,Inactive,Discount on specific menu items
60609,423,2021-02-08 21:27:37+00:00,2022-08-02 23:17:30+00:00,59897,Inactive,Discount on specific menu items
60610,423,2021-02-08 21:39:53+00:00,2022-08-02 23:17:30+00:00,59821,Inactive,2 for 1 on specific menu items
60611,423,2021-02-08 21:41:33+00:00,2022-08-02 23:17:30+00:00,59821,Inactive,Discount on specific menu items
61343,423,2021-02-25 13:59:30+00:00,2022-08-02 23:17:59+00:00,59821,Inactive,Discount on total bill
61353,423,2021-02-26 00:09:45+00:00,2022-08-02 23:17:59+00:00,59897,Inactive,Discount on total bill
62087,423,2021-03-16 14:56:43+00:00,2022-08-02 23:19:28+00:00,59821,Inactive,Discount on total bill
62595,423,2021-03-22 14:29:00+00:00,2022-08-02 23:20:17+00:00,59821,Inactive,Discount on total bill
62667,423,2021-03-22 19:14:47+00:00,2022-08-02 23:20:17+00:00,59821,Inactive,Discount on total bill
62676,423,2021-03-22 23:55:37+00:00,2022-08-02 23:20:21+00:00,59897,Inactive,Discount on specific menu items
62714,423,2021-03-23 18:43:35+00:00,2022-08-02 23:20:21+00:00,59821,Inactive,Discount on total bill
63899,423,2021-04-11 13:15:48+00:00,2022-08-02 23:21:13+00:00,59897,Inactive,Discount on total bill
67973,417,2021-06-17 08:59:45+00:00,2022-08-02 23:24:44+00:00,59813,Inactive,Discount on specific menu items
68737,424,2021-07-03 00:13:05+00:00,2022-08-02 23:24:48+00:00,61698,Inactive,Freebie
68738,424,2021-07-03 00:41:21+00:00,2022-08-02 23:24:48+00:00,61698,Inactive,Freebie
69639,1201,2021-07-26 12:13:23+00:00,2022-08-02 23:25:00+00:00,67521,Inactive,Discount on total bill
70889,417,2021-08-23 15:06:58+00:00,2022-08-02 23:25:09+00:00,59897,Inactive,Freebie
71565,424,2021-09-06 06:33:37+00:00,2022-08-02 23:25:12+00:00,59897,Inactive,Discount on total bill
71566,424,2021-09-06 07:12:36+00:00,2022-08-02 23:25:12+00:00,59813,Inactive,Discount on total bill
71567,424,2021-09-06 07:13:30+00:00,2022-08-02 23:25:12+00:00,64276,Inactive,Discount on total bill
71568,424,2021-09-06 07:14:25+00:00,2022-09-30 12:00:01+00:00,67521,Inactive,Discount on total bill
71569,424,2021-09-06 07:18:22+00:00,2022-08-02 23:25:12+00:00,64643,Inactive,Discount on total bill
72092,417,2021-10-01 23:50:49+00:00,2022-08-02 23:25:12+00:00,59897,Inactive,2 for 1 on specific menu items
72306,417,2021-10-05 17:42:00+00:00,2022-08-02 23:25:12+00:00,59897,Inactive,2 for 1 on specific menu items
72372,1372,2021-10-06 13:43:07+00:00,2022-08-02 23:25:22+00:00,59897,Inactive,Freebie
72512,417,2021-10-08 11:15:00+00:00,2022-08-02 23:25:29+00:00,59897,Inactive,2 for 1 on specific menu items
72526,417,2021-10-08 15:40:01+00:00,2022-08-02 23:25:29+00:00,59897,Inactive,2 for 1 on specific menu items
72628,417,2021-10-08 19:53:01+00:00,2022-08-02 23:25:29+00:00,59897,Inactive,2 for 1 on specific menu items
72654,417,2021-10-08 20:00:00+00:00,2022-08-02 23:25:29+00:00,59897,Inactive,2 for 1 on specific menu items
72655,417,2021-10-08 20:00:00+00:00,2022-08-02 23:25:29+00:00,59897,Inactive,2 for 1 on specific menu items
72892,417,2021-10-09 19:54:01+00:00,2022-08-02 23:25:29+00:00,59897,Inactive,2 for 1 on specific menu items
72894,417,2021-10-09 20:00:01+00:00,2022-08-02 23:25:29+00:00,59897,Inactive,2 for 1 on specific menu items
72895,417,2021-10-09 20:00:01+00:00,2022-08-02 23:25:29+00:00,59897,Inactive,2 for 1 on specific menu items
72896,417,2021-10-09 20:00:01+00:00,2022-08-02 23:25:29+00:00,59897,Inactive,2 for 1 on specific menu items
72897,417,2021-10-09 20:00:01+00:00,2022-08-02 23:25:29+00:00,59897,Inactive,2 for 1 on specific menu items
72898,417,2021-10-09 20:00:01+00:00,2022-08-02 23:25:58+00:00,59897,Inactive,2 for 1 on specific menu items
72899,417,2021-10-09 20:00:01+00:00,2022-08-02 23:25:58+00:00,59897,Inactive,2 for 1 on specific menu items
72926,417,2021-10-10 12:35:01+00:00,2022-08-02 23:25:58+00:00,59897,Inactive,2 for 1 on specific menu items
72928,417,2021-10-10 13:05:00+00:00,2022-08-02 23:25:58+00:00,59897,Inactive,2 for 1 on specific menu items
72930,417,2021-10-10 13:14:01+00:00,2022-08-02 23:25:58+00:00,59897,Inactive,2 for 1 on specific menu items
72932,417,2021-10-10 15:37:00+00:00,2022-08-02 23:25:58+00:00,59897,Inactive,2 for 1 on specific menu items
72934,417,2021-10-10 15:38:00+00:00,2022-08-02 23:25:58+00:00,59897,Inactive,2 for 1 on specific menu items
72936,417,2021-10-10 16:41:01+00:00,2022-08-02 23:25:58+00:00,59897,Inactive,2 for 1 on specific menu items
72938,417,2021-10-10 16:42:00+00:00,2022-08-02 23:25:58+00:00,59897,Inactive,2 for 1 on specific menu items
72939,417,2021-10-10 16:42:00+00:00,2022-08-02 23:25:58+00:00,59897,Inactive,2 for 1 on specific menu items
72965,417,2021-10-10 17:31:00+00:00,2022-08-02 23:26:30+00:00,59897,Inactive,2 for 1 on specific menu items
72972,417,2021-10-11 11:41:46+00:00,2022-08-02 23:26:30+00:00,64276,Inactive,Discount on specific menu items
73010,417,2021-10-11 17:07:01+00:00,2022-08-02 23:26:30+00:00,59897,Inactive,2 for 1 on specific menu items
73048,417,2021-10-12 16:22:01+00:00,2022-08-02 23:26:30+00:00,59897,Inactive,2 for 1 on specific menu items
73179,417,2021-10-13 20:00:01+00:00,2022-08-02 23:26:30+00:00,59897,Inactive,2 for 1 on specific menu items
73180,417,2021-10-13 20:00:01+00:00,2022-08-02 23:26:30+00:00,59897,Inactive,2 for 1 on specific menu items
73199,417,2021-10-14 15:08:00+00:00,2022-08-02 23:26:30+00:00,64276,Inactive,Discount on specific menu items
73201,417,2021-10-14 19:01:00+00:00,2022-08-02 23:26:30+00:00,64276,Inactive,Discount on specific menu items
73343,417,2021-10-16 17:14:00+00:00,2022-08-02 23:26:30+00:00,59897,Inactive,2 for 1 on specific menu items
73408,417,2021-10-17 15:44:00+00:00,2022-08-02 23:26:30+00:00,59897,Inactive,2 for 1 on specific menu items
73409,417,2021-10-17 15:44:00+00:00,2022-08-02 23:26:59+00:00,59897,Inactive,2 for 1 on specific menu items
73460,417,2021-10-17 19:35:00+00:00,2022-08-02 23:26:59+00:00,59897,Inactive,2 for 1 on specific menu items
73493,417,2021-10-18 15:24:00+00:00,2022-08-02 23:26:59+00:00,59897,Inactive,2 for 1 on specific menu items
73495,417,2021-10-18 15:25:00+00:00,2022-08-02 23:26:59+00:00,59897,Inactive,2 for 1 on specific menu items
73506,417,2021-10-18 18:49:00+00:00,2022-08-02 23:26:59+00:00,59897,Inactive,2 for 1 on specific menu items
73507,417,2021-10-18 18:49:00+00:00,2022-08-02 23:26:59+00:00,59897,Inactive,2 for 1 on specific menu items
73510,417,2021-10-18 18:50:00+00:00,2022-08-02 23:26:59+00:00,59897,Inactive,2 for 1 on specific menu items
73514,417,2021-10-19 13:56:00+00:00,2022-08-02 23:26:59+00:00,59897,Inactive,2 for 1 on specific menu items
73573,417,2021-10-20 16:30:00+00:00,2022-08-02 23:26:59+00:00,59897,Inactive,2 for 1 on specific menu items
73695,417,2021-10-25 14:38:00+00:00,2022-08-02 23:27:29+00:00,59897,Inactive,2 for 1 on specific menu items
73697,417,2021-10-25 14:39:00+00:00,2022-08-02 23:27:29+00:00,59897,Inactive,2 for 1 on specific menu items
73825,417,2021-10-28 11:13:01+00:00,2022-08-02 23:27:29+00:00,59897,Inactive,2 for 1 on specific menu items
73858,417,2021-10-29 11:56:01+00:00,2022-08-02 23:27:29+00:00,64276,Inactive,Discount on specific menu items
73860,417,2021-10-29 11:57:00+00:00,2022-08-02 23:27:29+00:00,64276,Inactive,Discount on specific menu items
73994,417,2021-10-30 14:18:00+00:00,2022-08-02 23:27:29+00:00,64276,Inactive,Discount on specific menu items
73996,417,2021-10-30 14:29:01+00:00,2022-08-02 23:27:29+00:00,59897,Inactive,2 for 1 on specific menu items
74029,417,2021-10-30 19:55:00+00:00,2022-08-02 23:27:49+00:00,59897,Inactive,2 for 1 on specific menu items
74031,417,2021-10-30 19:56:01+00:00,2022-08-02 23:27:49+00:00,59897,Inactive,2 for 1 on specific menu items
74055,417,2021-10-31 14:36:00+00:00,2022-08-02 23:27:49+00:00,59897,Inactive,2 for 1 on specific menu items
74056,417,2021-10-31 14:36:00+00:00,2022-08-02 23:27:49+00:00,59897,Inactive,2 for 1 on specific menu items
74059,417,2021-10-31 14:37:00+00:00,2022-08-02 23:27:49+00:00,59897,Inactive,2 for 1 on specific menu items
74124,417,2021-11-03 21:00:00+00:00,2022-08-02 23:27:49+00:00,59897,Inactive,2 for 1 on specific menu items
74274,417,2021-11-05 14:38:00+00:00,2022-08-02 23:27:49+00:00,59897,Inactive,2 for 1 on specific menu items
74310,417,2021-11-05 20:51:00+00:00,2022-08-02 23:27:49+00:00,59897,Inactive,2 for 1 on specific menu items
74312,417,2021-11-05 20:52:01+00:00,2022-08-02 23:27:49+00:00,59897,Inactive,2 for 1 on specific menu items
75910,417,2021-11-08 10:32:29+00:00,2022-08-02 23:28:19+00:00,59897,Inactive,2 for 1 on specific menu items
75926,417,2021-11-08 10:46:41+00:00,2022-08-02 23:28:19+00:00,59897,Inactive,2 for 1 on specific menu items
75927,417,2021-11-08 10:46:41+00:00,2022-08-02 23:28:19+00:00,59897,Inactive,2 for 1 on specific menu items
75930,417,2021-11-08 10:46:42+00:00,2022-08-02 23:28:19+00:00,59897,Inactive,2 for 1 on specific menu items
75932,417,2021-11-08 10:46:42+00:00,2022-08-02 23:28:19+00:00,59897,Inactive,2 for 1 on specific menu items
75941,417,2021-11-08 10:46:42+00:00,2022-08-02 23:28:19+00:00,59897,Inactive,2 for 1 on specific menu items
75944,417,2021-11-08 10:46:43+00:00,2022-08-02 23:28:19+00:00,59897,Inactive,2 for 1 on specific menu items
75951,417,2021-11-08 10:46:43+00:00,2022-08-02 23:28:19+00:00,59897,Inactive,2 for 1 on specific menu items
75955,417,2021-11-08 10:46:43+00:00,2022-08-02 23:28:19+00:00,59897,Inactive,2 for 1 on specific menu items
75961,417,2021-11-08 10:46:44+00:00,2022-08-02 23:28:19+00:00,59897,Inactive,2 for 1 on specific menu items
75964,417,2021-11-08 10:46:44+00:00,2022-08-02 23:28:52+00:00,59897,Inactive,2 for 1 on specific menu items
75971,417,2021-11-08 10:46:45+00:00,2022-08-02 23:28:52+00:00,59897,Inactive,2 for 1 on specific menu items
75974,417,2021-11-08 10:46:45+00:00,2022-08-02 23:28:52+00:00,59897,Inactive,2 for 1 on specific menu items
75980,417,2021-11-08 10:46:45+00:00,2022-08-02 23:28:52+00:00,59897,Inactive,2 for 1 on specific menu items
75984,417,2021-11-08 10:46:46+00:00,2022-08-02 23:28:52+00:00,59897,Inactive,2 for 1 on specific menu items
75991,417,2021-11-08 10:46:46+00:00,2022-08-02 23:28:52+00:00,59897,Inactive,2 for 1 on specific menu items
75994,417,2021-11-08 10:46:47+00:00,2022-08-02 23:28:52+00:00,59897,Inactive,2 for 1 on specific menu items
76002,417,2021-11-08 10:46:47+00:00,2022-08-02 23:28:52+00:00,59897,Inactive,2 for 1 on specific menu items
76004,417,2021-11-08 10:46:47+00:00,2022-08-02 23:28:52+00:00,59897,Inactive,2 for 1 on specific menu items
76011,417,2021-11-08 10:46:48+00:00,2022-08-02 23:28:52+00:00,59897,Inactive,2 for 1 on specific menu items
76014,417,2021-11-08 10:46:48+00:00,2022-08-02 23:29:26+00:00,59897,Inactive,2 for 1 on specific menu items
76021,417,2021-11-08 10:46:49+00:00,2022-08-02 23:29:26+00:00,59897,Inactive,2 for 1 on specific menu items
76025,417,2021-11-08 10:46:49+00:00,2022-08-02 23:29:26+00:00,59897,Inactive,2 for 1 on specific menu items
76031,417,2021-11-08 10:46:49+00:00,2022-08-02 23:29:26+00:00,59897,Inactive,2 for 1 on specific menu items
76034,417,2021-11-08 10:46:50+00:00,2022-08-02 23:29:26+00:00,59897,Inactive,2 for 1 on specific menu items
76042,417,2021-11-08 10:46:50+00:00,2022-08-02 23:29:26+00:00,59897,Inactive,2 for 1 on specific menu items
76045,417,2021-11-08 10:46:51+00:00,2022-08-02 23:29:26+00:00,59897,Inactive,2 for 1 on specific menu items
76050,417,2021-11-08 10:46:51+00:00,2022-08-02 23:29:26+00:00,59897,Inactive,2 for 1 on specific menu items
76054,417,2021-11-08 10:46:51+00:00,2022-08-02 23:29:26+00:00,59897,Inactive,2 for 1 on specific menu items
76060,417,2021-11-08 10:46:52+00:00,2022-08-02 23:29:26+00:00,59897,Inactive,2 for 1 on specific menu items
76064,417,2021-11-08 10:46:52+00:00,2022-08-02 23:30:00+00:00,59897,Inactive,2 for 1 on specific menu items
76071,417,2021-11-08 10:46:52+00:00,2022-08-02 23:30:00+00:00,59897,Inactive,2 for 1 on specific menu items
76075,417,2021-11-08 10:46:53+00:00,2022-08-02 23:30:00+00:00,59897,Inactive,2 for 1 on specific menu items
76081,417,2021-11-08 10:46:53+00:00,2022-08-02 23:30:00+00:00,59897,Inactive,2 for 1 on specific menu items
76085,417,2021-11-08 10:46:53+00:00,2022-08-02 23:30:00+00:00,59897,Inactive,2 for 1 on specific menu items
76091,417,2021-11-08 10:46:54+00:00,2022-08-02 23:30:00+00:00,59897,Inactive,2 for 1 on specific menu items
76094,417,2021-11-08 10:46:54+00:00,2022-08-02 23:30:00+00:00,59897,Inactive,2 for 1 on specific menu items
76101,417,2021-11-08 10:46:55+00:00,2022-08-02 23:30:00+00:00,59897,Inactive,2 for 1 on specific menu items
76104,417,2021-11-08 10:46:55+00:00,2022-08-02 23:30:00+00:00,59897,Inactive,2 for 1 on specific menu items
76111,417,2021-11-08 10:46:56+00:00,2022-08-02 23:30:00+00:00,59897,Inactive,2 for 1 on specific menu items
76114,417,2021-11-08 10:46:56+00:00,2022-08-02 23:30:37+00:00,59897,Inactive,2 for 1 on specific menu items
76119,417,2021-11-08 10:46:56+00:00,2022-08-02 23:30:37+00:00,59897,Inactive,2 for 1 on specific menu items
76126,417,2021-11-08 10:46:57+00:00,2022-08-02 23:30:37+00:00,59897,Inactive,2 for 1 on specific menu items
76129,417,2021-11-08 10:46:57+00:00,2022-08-02 23:30:37+00:00,59897,Inactive,2 for 1 on specific menu items
76135,417,2021-11-08 10:46:57+00:00,2022-08-02 23:30:37+00:00,59897,Inactive,2 for 1 on specific menu items
76140,417,2021-11-08 10:46:58+00:00,2022-08-02 23:30:37+00:00,59897,Inactive,2 for 1 on specific menu items
76148,417,2021-11-08 10:46:58+00:00,2022-08-02 23:30:37+00:00,59897,Inactive,2 for 1 on specific menu items
76150,417,2021-11-08 10:46:58+00:00,2022-08-02 23:30:37+00:00,59897,Inactive,2 for 1 on specific menu items
76157,417,2021-11-08 10:46:59+00:00,2022-08-02 23:30:37+00:00,59897,Inactive,2 for 1 on specific menu items
76159,417,2021-11-08 10:46:59+00:00,2022-08-02 23:30:37+00:00,59897,Inactive,2 for 1 on specific menu items
76166,417,2021-11-08 10:47:00+00:00,2022-08-02 23:31:12+00:00,59897,Inactive,2 for 1 on specific menu items
76170,417,2021-11-08 10:47:00+00:00,2022-08-02 23:31:12+00:00,59897,Inactive,2 for 1 on specific menu items
76198,417,2021-11-08 10:47:08+00:00,2022-08-02 23:31:12+00:00,59897,Inactive,2 for 1 on specific menu items
76200,417,2021-11-08 10:47:09+00:00,2022-08-02 23:31:12+00:00,59897,Inactive,2 for 1 on specific menu items
76201,417,2021-11-08 10:47:09+00:00,2022-08-02 23:31:12+00:00,59897,Inactive,2 for 1 on specific menu items
76203,417,2021-11-08 10:47:09+00:00,2022-08-02 23:31:12+00:00,59897,Inactive,2 for 1 on specific menu items
76204,417,2021-11-08 10:47:09+00:00,2022-08-02 23:31:12+00:00,59897,Inactive,2 for 1 on specific menu items
76209,417,2021-11-08 10:47:10+00:00,2022-08-02 23:31:12+00:00,59897,Inactive,2 for 1 on specific menu items
76210,417,2021-11-08 10:47:10+00:00,2022-08-02 23:31:12+00:00,59897,Inactive,2 for 1 on specific menu items
76211,417,2021-11-08 10:47:10+00:00,2022-08-02 23:31:12+00:00,59897,Inactive,2 for 1 on specific menu items
76212,417,2021-11-08 10:47:10+00:00,2022-08-02 23:31:47+00:00,59897,Inactive,2 for 1 on specific menu items
76213,417,2021-11-08 10:47:10+00:00,2022-08-02 23:31:47+00:00,59897,Inactive,2 for 1 on specific menu items
76228,417,2021-11-08 10:47:11+00:00,2022-08-02 23:31:47+00:00,59897,Inactive,2 for 1 on specific menu items
76232,417,2021-11-08 10:47:12+00:00,2022-08-02 23:31:47+00:00,59897,Inactive,2 for 1 on specific menu items
76239,417,2021-11-08 10:47:12+00:00,2022-08-02 23:31:47+00:00,59897,Inactive,2 for 1 on specific menu items
76242,417,2021-11-08 10:47:12+00:00,2022-08-02 23:31:47+00:00,59897,Inactive,2 for 1 on specific menu items
76249,417,2021-11-08 10:47:13+00:00,2022-08-02 23:31:47+00:00,59897,Inactive,2 for 1 on specific menu items
76252,417,2021-11-08 10:47:13+00:00,2022-08-02 23:31:47+00:00,59897,Inactive,2 for 1 on specific menu items
76259,417,2021-11-08 10:47:14+00:00,2022-08-02 23:31:47+00:00,59897,Inactive,2 for 1 on specific menu items
76263,417,2021-11-08 10:47:14+00:00,2022-08-02 23:31:47+00:00,59897,Inactive,2 for 1 on specific menu items
76268,417,2021-11-08 10:47:15+00:00,2022-08-02 23:32:23+00:00,59897,Inactive,2 for 1 on specific menu items
76273,417,2021-11-08 10:47:15+00:00,2022-08-02 23:32:23+00:00,59897,Inactive,2 for 1 on specific menu items
76277,417,2021-11-08 10:47:15+00:00,2022-08-02 23:32:23+00:00,59897,Inactive,2 for 1 on specific menu items
76282,417,2021-11-08 10:47:16+00:00,2022-08-02 23:32:23+00:00,59897,Inactive,2 for 1 on specific menu items
76289,417,2021-11-08 10:47:16+00:00,2022-08-02 23:32:23+00:00,59897,Inactive,2 for 1 on specific menu items
76292,417,2021-11-08 10:47:17+00:00,2022-08-02 23:32:23+00:00,59897,Inactive,2 for 1 on specific menu items
76295,417,2021-11-08 10:47:17+00:00,2022-08-02 23:32:23+00:00,59897,Inactive,2 for 1 on specific menu items
76303,417,2021-11-08 10:47:17+00:00,2022-08-02 23:32:23+00:00,59897,Inactive,2 for 1 on specific menu items
76309,417,2021-11-08 10:47:18+00:00,2022-08-02 23:32:23+00:00,59897,Inactive,2 for 1 on specific menu items
76313,417,2021-11-08 10:47:18+00:00,2022-08-02 23:32:23+00:00,59897,Inactive,2 for 1 on specific menu items
76319,417,2021-11-08 10:47:19+00:00,2022-08-02 23:32:59+00:00,59897,Inactive,2 for 1 on specific menu items
76324,417,2021-11-08 10:47:19+00:00,2022-08-02 23:32:59+00:00,59897,Inactive,2 for 1 on specific menu items
76328,417,2021-11-08 10:47:20+00:00,2022-08-02 23:32:59+00:00,59897,Inactive,2 for 1 on specific menu items
76333,417,2021-11-08 10:47:20+00:00,2022-08-02 23:32:59+00:00,59897,Inactive,2 for 1 on specific menu items
76337,417,2021-11-08 10:47:20+00:00,2022-08-02 23:32:59+00:00,59897,Inactive,2 for 1 on specific menu items
76343,417,2021-11-08 10:47:21+00:00,2022-08-02 23:32:59+00:00,59897,Inactive,2 for 1 on specific menu items
76349,417,2021-11-08 10:47:21+00:00,2022-08-02 23:32:59+00:00,59897,Inactive,2 for 1 on specific menu items
76369,417,2021-11-08 10:47:23+00:00,2022-08-02 23:32:59+00:00,59897,Inactive,2 for 1 on specific menu items
76427,417,2021-11-08 10:47:28+00:00,2022-08-02 23:32:59+00:00,59897,Inactive,2 for 1 on specific menu items
76443,417,2021-11-08 10:47:29+00:00,2022-08-02 23:32:59+00:00,59897,Inactive,2 for 1 on specific menu items
76454,417,2021-11-08 10:47:30+00:00,2022-08-02 23:33:37+00:00,59897,Inactive,2 for 1 on specific menu items
76464,417,2021-11-08 10:47:31+00:00,2022-08-02 23:33:37+00:00,59897,Inactive,2 for 1 on specific menu items
76506,417,2021-11-08 10:47:34+00:00,2022-08-02 23:33:37+00:00,59897,Inactive,2 for 1 on specific menu items
76540,417,2021-11-08 10:47:37+00:00,2022-08-02 23:33:37+00:00,59897,Inactive,2 for 1 on specific menu items
76565,417,2021-11-08 10:47:39+00:00,2022-08-02 23:33:37+00:00,59897,Inactive,2 for 1 on specific menu items
76580,417,2021-11-08 10:47:40+00:00,2022-08-02 23:33:37+00:00,59897,Inactive,2 for 1 on specific menu items
76594,417,2021-11-08 10:47:41+00:00,2022-08-02 23:33:37+00:00,59897,Inactive,2 for 1 on specific menu items
76603,417,2021-11-08 10:47:42+00:00,2022-08-02 23:33:37+00:00,59897,Inactive,2 for 1 on specific menu items
76614,417,2021-11-08 10:47:43+00:00,2022-08-02 23:33:37+00:00,59897,Inactive,2 for 1 on specific menu items
76631,417,2021-11-08 10:47:44+00:00,2022-08-02 23:33:37+00:00,59897,Inactive,2 for 1 on specific menu items
76640,417,2021-11-08 10:47:45+00:00,2022-08-02 23:34:14+00:00,59897,Inactive,2 for 1 on specific menu items
76653,417,2021-11-08 10:47:46+00:00,2022-08-02 23:34:14+00:00,59897,Inactive,2 for 1 on specific menu items
76664,417,2021-11-08 10:47:47+00:00,2022-08-02 23:34:14+00:00,59897,Inactive,2 for 1 on specific menu items
76690,417,2021-11-08 10:47:49+00:00,2022-08-02 23:34:14+00:00,59897,Inactive,2 for 1 on specific menu items
76703,417,2021-11-08 10:47:50+00:00,2022-08-02 23:34:14+00:00,59897,Inactive,2 for 1 on specific menu items
76728,417,2021-11-08 10:47:52+00:00,2022-08-02 23:34:14+00:00,59897,Inactive,2 for 1 on specific menu items
76754,417,2021-11-08 10:47:54+00:00,2022-08-02 23:34:14+00:00,59897,Inactive,2 for 1 on specific menu items
76768,417,2021-11-08 10:47:55+00:00,2022-08-02 23:34:14+00:00,59897,Inactive,2 for 1 on specific menu items
76780,417,2021-11-08 10:47:56+00:00,2022-08-02 23:34:14+00:00,59897,Inactive,2 for 1 on specific menu items
76798,417,2021-11-08 10:47:58+00:00,2022-08-02 23:34:14+00:00,59897,Inactive,2 for 1 on specific menu items
76819,417,2021-11-08 10:47:59+00:00,2022-08-02 23:34:51+00:00,59897,Inactive,2 for 1 on specific menu items
76821,417,2021-11-08 10:48:00+00:00,2022-08-02 23:34:51+00:00,59897,Inactive,2 for 1 on specific menu items
76872,417,2021-11-08 10:48:11+00:00,2022-08-02 23:34:51+00:00,59897,Inactive,2 for 1 on specific menu items
76874,417,2021-11-08 10:48:11+00:00,2022-08-02 23:34:51+00:00,59897,Inactive,2 for 1 on specific menu items
76875,417,2021-11-08 10:48:11+00:00,2022-08-02 23:34:51+00:00,59897,Inactive,2 for 1 on specific menu items
76877,417,2021-11-08 10:48:11+00:00,2022-08-02 23:34:51+00:00,59897,Inactive,2 for 1 on specific menu items
76880,417,2021-11-08 10:48:12+00:00,2022-08-02 23:34:51+00:00,59897,Inactive,2 for 1 on specific menu items
76887,417,2021-11-08 10:48:13+00:00,2022-08-02 23:34:51+00:00,59897,Inactive,2 for 1 on specific menu items
76889,417,2021-11-08 10:48:14+00:00,2022-08-02 23:34:51+00:00,59897,Inactive,2 for 1 on specific menu items
76893,417,2021-11-08 10:48:15+00:00,2022-08-02 23:34:51+00:00,59897,Inactive,2 for 1 on specific menu items
76896,417,2021-11-08 10:48:16+00:00,2022-08-02 23:35:30+00:00,59897,Inactive,2 for 1 on specific menu items
76898,417,2021-11-08 10:48:17+00:00,2022-08-02 23:35:30+00:00,59897,Inactive,2 for 1 on specific menu items
76912,417,2021-11-08 10:48:19+00:00,2022-08-02 23:35:30+00:00,59897,Inactive,2 for 1 on specific menu items
76928,417,2021-11-08 10:48:21+00:00,2022-08-02 23:35:30+00:00,59897,Inactive,2 for 1 on specific menu items
76931,417,2021-11-08 10:48:21+00:00,2022-08-02 23:35:30+00:00,59897,Inactive,2 for 1 on specific menu items
76936,417,2021-11-08 10:48:22+00:00,2022-08-02 23:35:30+00:00,59897,Inactive,2 for 1 on specific menu items
76951,417,2021-11-08 10:48:25+00:00,2022-08-02 23:35:30+00:00,59897,Inactive,2 for 1 on specific menu items
76952,417,2021-11-08 10:48:24+00:00,2022-08-02 23:35:30+00:00,59897,Inactive,2 for 1 on specific menu items
76953,417,2021-11-08 10:48:25+00:00,2022-08-02 23:35:30+00:00,59897,Inactive,2 for 1 on specific menu items
76962,417,2021-11-08 10:48:27+00:00,2022-08-02 23:35:30+00:00,59897,Inactive,2 for 1 on specific menu items
76966,417,2021-11-08 10:48:27+00:00,2022-08-02 23:36:10+00:00,59897,Inactive,2 for 1 on specific menu items
76997,417,2021-11-08 10:48:29+00:00,2022-08-02 23:36:10+00:00,59897,Inactive,2 for 1 on specific menu items
77000,417,2021-11-08 10:48:30+00:00,2022-08-02 23:36:10+00:00,59897,Inactive,2 for 1 on specific menu items
77013,417,2021-11-08 10:48:31+00:00,2022-08-02 23:36:10+00:00,59897,Inactive,2 for 1 on specific menu items
77023,417,2021-11-08 10:48:32+00:00,2022-08-02 23:36:10+00:00,59897,Inactive,2 for 1 on specific menu items
77043,417,2021-11-08 10:48:34+00:00,2022-08-02 23:36:10+00:00,59897,Inactive,2 for 1 on specific menu items
77052,417,2021-11-08 10:48:35+00:00,2022-08-02 23:36:10+00:00,59897,Inactive,2 for 1 on specific menu items
77054,417,2021-11-08 10:49:07+00:00,2022-08-02 23:36:10+00:00,59897,Inactive,2 for 1 on specific menu items
77055,417,2021-11-08 10:49:07+00:00,2022-08-02 23:36:10+00:00,59897,Inactive,2 for 1 on specific menu items
77057,417,2021-11-08 10:49:08+00:00,2022-08-02 23:36:10+00:00,59897,Inactive,2 for 1 on specific menu items
77058,417,2021-11-08 10:49:08+00:00,2022-08-02 23:36:49+00:00,59897,Inactive,2 for 1 on specific menu items
77062,417,2021-11-08 10:49:09+00:00,2022-08-02 23:36:49+00:00,59897,Inactive,2 for 1 on specific menu items
77063,417,2021-11-08 10:49:09+00:00,2022-08-02 23:36:49+00:00,59897,Inactive,2 for 1 on specific menu items
77064,417,2021-11-08 10:49:09+00:00,2022-08-02 23:36:49+00:00,59897,Inactive,2 for 1 on specific menu items
77065,417,2021-11-08 10:49:09+00:00,2022-08-02 23:36:49+00:00,59897,Inactive,2 for 1 on specific menu items
77069,417,2021-11-08 10:49:09+00:00,2022-08-02 23:36:49+00:00,59897,Inactive,2 for 1 on specific menu items
77072,417,2021-11-08 10:49:12+00:00,2022-08-02 23:36:49+00:00,59897,Inactive,2 for 1 on specific menu items
77074,417,2021-11-08 10:49:14+00:00,2022-08-02 23:36:49+00:00,59897,Inactive,2 for 1 on specific menu items
77076,417,2021-11-08 10:49:16+00:00,2022-08-02 23:36:49+00:00,59897,Inactive,2 for 1 on specific menu items
77078,417,2021-11-08 10:49:18+00:00,2022-08-02 23:36:49+00:00,59897,Inactive,2 for 1 on specific menu items
77080,417,2021-11-08 10:49:21+00:00,2022-08-02 23:37:27+00:00,59897,Inactive,2 for 1 on specific menu items
77132,417,2021-11-10 00:00:06+00:00,2022-08-02 23:37:27+00:00,59897,Inactive,2 for 1 on specific menu items
77133,417,2021-11-10 00:00:06+00:00,2022-08-02 23:37:27+00:00,59897,Inactive,2 for 1 on specific menu items
77139,417,2021-11-10 00:00:07+00:00,2022-08-02 23:37:27+00:00,59897,Inactive,2 for 1 on specific menu items
77143,417,2021-11-10 00:00:07+00:00,2022-08-02 23:37:27+00:00,59897,Inactive,2 for 1 on specific menu items
77148,417,2021-11-10 00:00:08+00:00,2022-08-02 23:37:27+00:00,59897,Inactive,2 for 1 on specific menu items
77150,417,2021-11-10 00:00:08+00:00,2022-08-02 23:37:27+00:00,59897,Inactive,2 for 1 on specific menu items
77153,417,2021-11-10 00:00:09+00:00,2022-08-02 23:37:27+00:00,59897,Inactive,2 for 1 on specific menu items
77158,417,2021-11-10 00:00:10+00:00,2022-08-02 23:37:27+00:00,59897,Inactive,2 for 1 on specific menu items
77197,417,2021-11-11 17:51:01+00:00,2022-08-02 23:37:27+00:00,64276,Inactive,Discount on specific menu items
77247,417,2021-11-12 10:55:32+00:00,2022-08-02 23:38:06+00:00,59813,Inactive,2 for 1 on specific menu items
77252,417,2021-11-12 12:00:01+00:00,2022-08-02 23:38:06+00:00,59897,Inactive,2 for 1 on specific menu items
77253,417,2021-11-12 12:00:01+00:00,2022-08-02 23:38:06+00:00,59897,Inactive,2 for 1 on specific menu items
77254,417,2021-11-12 12:00:01+00:00,2022-08-02 23:38:15+00:00,59897,Inactive,2 for 1 on specific menu items
77255,417,2021-11-12 12:00:01+00:00,2022-08-02 23:38:15+00:00,59897,Inactive,2 for 1 on specific menu items
77256,417,2021-11-12 12:00:02+00:00,2022-08-02 23:38:15+00:00,59897,Inactive,2 for 1 on specific menu items
77257,417,2021-11-12 12:00:02+00:00,2022-08-02 23:38:15+00:00,59897,Inactive,2 for 1 on specific menu items
77264,417,2021-11-12 12:00:03+00:00,2022-08-02 23:38:15+00:00,59897,Inactive,2 for 1 on specific menu items
77453,417,2021-11-14 12:00:01+00:00,2022-08-02 23:38:15+00:00,59897,Inactive,2 for 1 on specific menu items
77454,417,2021-11-14 12:00:01+00:00,2022-08-02 23:38:15+00:00,59897,Inactive,2 for 1 on specific menu items
77455,417,2021-11-14 12:00:01+00:00,2022-08-02 23:38:15+00:00,59897,Inactive,2 for 1 on specific menu items
77456,417,2021-11-14 12:00:01+00:00,2022-08-02 23:38:15+00:00,59897,Inactive,2 for 1 on specific menu items
77457,417,2021-11-14 12:00:01+00:00,2022-08-02 23:38:51+00:00,59897,Inactive,2 for 1 on specific menu items
77458,417,2021-11-14 12:00:01+00:00,2022-08-02 23:38:51+00:00,59897,Inactive,2 for 1 on specific menu items
77467,417,2021-11-15 07:22:00+00:00,2022-08-02 23:38:51+00:00,59897,Inactive,2 for 1 on specific menu items
77468,417,2021-11-15 07:22:01+00:00,2022-08-02 23:38:51+00:00,59897,Inactive,2 for 1 on specific menu items
77471,417,2021-11-15 07:23:00+00:00,2022-08-02 23:38:51+00:00,59897,Inactive,2 for 1 on specific menu items
77472,417,2021-11-15 07:23:01+00:00,2022-08-02 23:38:51+00:00,59897,Inactive,2 for 1 on specific menu items
77477,1372,2021-11-15 10:34:17+00:00,2022-08-02 23:38:51+00:00,59813,Inactive,2 for 1 on specific menu items
77484,1372,2021-11-15 13:34:13+00:00,2022-08-02 23:38:51+00:00,64276,Inactive,Discount on total bill
77531,417,2021-11-16 12:00:00+00:00,2022-08-02 23:38:51+00:00,59897,Inactive,2 for 1 on specific menu items
77532,1372,2021-11-16 12:00:00+00:00,2022-08-02 23:38:51+00:00,64276,Inactive,Discount on total bill
77533,1372,2021-11-16 12:00:00+00:00,2022-08-02 23:39:21+00:00,64276,Inactive,Discount on total bill
77534,1372,2021-11-16 12:00:00+00:00,2022-08-02 23:39:21+00:00,64276,Inactive,Discount on total bill
77535,417,2021-11-16 12:00:00+00:00,2022-08-02 23:39:21+00:00,59897,Inactive,2 for 1 on specific menu items
77536,417,2021-11-16 12:00:00+00:00,2022-08-02 23:39:21+00:00,59897,Inactive,2 for 1 on specific menu items
77537,1372,2021-11-16 12:00:01+00:00,2022-08-02 23:39:21+00:00,64276,Inactive,Discount on total bill
77540,417,2021-11-16 12:00:01+00:00,2022-08-02 23:39:21+00:00,59897,Inactive,2 for 1 on specific menu items
77547,417,2021-11-16 12:00:02+00:00,2022-08-02 23:39:21+00:00,59897,Inactive,2 for 1 on specific menu items
77550,417,2021-11-16 18:48:01+00:00,2022-08-02 23:39:21+00:00,59897,Inactive,2 for 1 on specific menu items
77603,1372,2021-11-18 12:00:01+00:00,2022-08-02 23:39:21+00:00,64276,Inactive,Discount on total bill
77604,1372,2021-11-18 12:00:01+00:00,2022-08-02 23:39:21+00:00,64276,Inactive,Discount on total bill
77605,1372,2021-11-18 12:00:01+00:00,2022-08-02 23:39:44+00:00,64276,Inactive,Discount on total bill
77606,417,2021-11-18 12:00:01+00:00,2022-08-02 23:39:44+00:00,59897,Inactive,2 for 1 on specific menu items
77607,417,2021-11-18 12:00:01+00:00,2022-08-02 23:39:44+00:00,59897,Inactive,2 for 1 on specific menu items
77608,417,2021-11-18 12:00:01+00:00,2022-08-02 23:39:44+00:00,59897,Inactive,2 for 1 on specific menu items
77609,417,2021-11-18 12:00:02+00:00,2022-08-02 23:39:44+00:00,59897,Inactive,2 for 1 on specific menu items
77610,1372,2021-11-18 12:00:02+00:00,2022-08-02 23:39:44+00:00,64276,Inactive,Discount on total bill
77619,417,2021-11-18 12:00:07+00:00,2022-08-02 23:39:44+00:00,59897,Inactive,2 for 1 on specific menu items
77735,417,2021-11-19 16:33:00+00:00,2022-08-02 23:39:44+00:00,59897,Inactive,2 for 1 on specific menu items
77764,417,2021-11-19 21:00:01+00:00,2022-08-02 23:40:10+00:00,64276,Inactive,Discount on specific menu items
77800,1372,2021-11-20 12:00:00+00:00,2022-08-02 23:40:10+00:00,64276,Inactive,Discount on total bill
77801,417,2021-11-20 12:00:00+00:00,2022-08-02 23:40:10+00:00,59897,Inactive,2 for 1 on specific menu items
77802,1372,2021-11-20 12:00:00+00:00,2022-08-02 23:40:10+00:00,64276,Inactive,Discount on total bill
77803,1372,2021-11-20 12:00:00+00:00,2022-08-02 23:40:10+00:00,64276,Inactive,Discount on total bill
77804,1372,2021-11-20 12:00:00+00:00,2022-08-02 23:40:10+00:00,64276,Inactive,Discount on total bill
77805,417,2021-11-20 12:00:01+00:00,2022-08-02 23:40:10+00:00,59897,Inactive,2 for 1 on specific menu items
77812,417,2021-11-20 12:00:02+00:00,2022-08-02 23:40:10+00:00,59897,Inactive,2 for 1 on specific menu items
77813,417,2021-11-20 12:00:02+00:00,2022-08-02 23:40:10+00:00,59897,Inactive,2 for 1 on specific menu items
77816,417,2021-11-20 13:04:00+00:00,2022-08-02 23:40:10+00:00,59897,Inactive,2 for 1 on specific menu items
77862,1372,2021-11-22 12:00:00+00:00,2022-08-02 23:40:36+00:00,64276,Inactive,Discount on total bill
77863,1372,2021-11-22 12:00:00+00:00,2022-08-02 23:40:36+00:00,64276,Inactive,Discount on total bill
77864,417,2021-11-22 12:00:00+00:00,2022-08-02 23:40:36+00:00,59897,Inactive,2 for 1 on specific menu items
77865,417,2021-11-22 12:00:00+00:00,2022-08-02 23:40:36+00:00,59897,Inactive,2 for 1 on specific menu items
77866,1372,2021-11-22 12:00:00+00:00,2022-08-02 23:40:36+00:00,64276,Inactive,Discount on total bill
77867,417,2021-11-22 12:00:00+00:00,2022-08-02 23:40:36+00:00,59897,Inactive,2 for 1 on specific menu items
77868,417,2021-11-22 12:00:01+00:00,2022-08-02 23:40:36+00:00,59897,Inactive,2 for 1 on specific menu items
77876,1372,2021-11-22 12:00:01+00:00,2022-08-02 23:40:36+00:00,64276,Inactive,Discount on total bill
77911,417,2021-11-23 18:11:01+00:00,2022-08-02 23:40:36+00:00,59897,Inactive,2 for 1 on specific menu items
77935,417,2021-11-24 12:00:01+00:00,2022-08-02 23:40:36+00:00,59897,Inactive,2 for 1 on specific menu items
77936,1372,2021-11-24 12:00:01+00:00,2022-08-02 23:41:02+00:00,64276,Inactive,Discount on total bill
77937,1372,2021-11-24 12:00:01+00:00,2022-08-02 23:41:02+00:00,64276,Inactive,Discount on total bill
77938,1372,2021-11-24 12:00:01+00:00,2022-08-02 23:41:02+00:00,64276,Inactive,Discount on total bill
77939,1372,2021-11-24 12:00:01+00:00,2022-08-02 23:41:02+00:00,64276,Inactive,Discount on total bill
77945,417,2021-11-24 12:00:02+00:00,2022-08-02 23:41:02+00:00,59897,Inactive,2 for 1 on specific menu items
77993,417,2021-11-25 13:21:01+00:00,2022-08-02 23:41:02+00:00,59897,Inactive,2 for 1 on specific menu items
77995,417,2021-11-25 19:47:01+00:00,2022-08-02 23:41:02+00:00,64276,Inactive,Discount on specific menu items
78014,1372,2021-11-26 12:00:00+00:00,2022-08-02 23:41:02+00:00,64276,Inactive,Discount on total bill
78015,1372,2021-11-26 12:00:00+00:00,2022-08-02 23:41:02+00:00,64276,Inactive,Discount on total bill
78016,417,2021-11-26 12:00:00+00:00,2022-08-02 23:41:02+00:00,59897,Inactive,2 for 1 on specific menu items
78017,1372,2021-11-26 12:00:00+00:00,2022-08-02 23:41:20+00:00,64276,Inactive,Discount on total bill
78018,1372,2021-11-26 12:00:00+00:00,2022-08-02 23:41:20+00:00,64276,Inactive,Discount on total bill
78027,1372,2021-11-27 12:00:05+00:00,2022-08-02 23:41:20+00:00,59813,Inactive,2 for 1 on specific menu items
78139,1372,2021-11-28 12:00:01+00:00,2022-08-02 23:41:20+00:00,64276,Inactive,Discount on total bill
78140,1372,2021-11-28 12:00:01+00:00,2022-08-02 23:41:20+00:00,64276,Inactive,Discount on total bill
78141,417,2021-11-28 12:00:01+00:00,2022-08-02 23:41:20+00:00,59897,Inactive,2 for 1 on specific menu items
78142,417,2021-11-28 12:00:01+00:00,2022-08-02 23:41:20+00:00,59897,Inactive,2 for 1 on specific menu items
78143,1372,2021-11-28 12:00:01+00:00,2022-08-02 23:41:20+00:00,64276,Inactive,Discount on total bill
78149,417,2021-11-28 15:05:01+00:00,2022-08-02 23:41:20+00:00,59897,Inactive,2 for 1 on specific menu items
78152,417,2021-11-28 16:38:01+00:00,2022-08-02 23:41:20+00:00,59897,Inactive,2 for 1 on specific menu items
78168,417,2021-11-28 21:00:01+00:00,2022-08-02 23:41:40+00:00,59897,Inactive,2 for 1 on specific menu items
78169,417,2021-11-28 21:00:01+00:00,2022-08-02 23:41:40+00:00,59897,Inactive,2 for 1 on specific menu items
78271,417,2021-11-30 12:00:00+00:00,2022-08-02 23:42:01+00:00,59897,Inactive,2 for 1 on specific menu items
78272,1372,2021-11-30 12:00:00+00:00,2022-08-02 23:42:01+00:00,64276,Inactive,Discount on total bill
78273,1372,2021-11-30 12:00:00+00:00,2022-08-02 23:42:01+00:00,64276,Inactive,Discount on total bill
78274,1372,2021-11-30 12:00:00+00:00,2022-08-02 23:42:01+00:00,64276,Inactive,Discount on total bill
78275,417,2021-11-30 12:00:01+00:00,2022-08-02 23:42:01+00:00,59897,Inactive,2 for 1 on specific menu items
78276,417,2021-11-30 12:00:01+00:00,2022-08-02 23:42:13+00:00,59897,Inactive,2 for 1 on specific menu items
78345,1372,2021-12-02 12:00:00+00:00,2022-08-02 23:42:13+00:00,64276,Inactive,Discount on total bill
78346,1372,2021-12-02 12:00:00+00:00,2022-08-02 23:42:13+00:00,64276,Inactive,Discount on total bill
78347,417,2021-12-02 12:00:00+00:00,2022-08-02 23:42:13+00:00,59897,Inactive,2 for 1 on specific menu items
78348,417,2021-12-02 12:00:00+00:00,2022-08-02 23:42:13+00:00,59897,Inactive,2 for 1 on specific menu items
78349,417,2021-12-02 12:00:00+00:00,2022-08-02 23:42:13+00:00,59897,Inactive,2 for 1 on specific menu items
78355,1372,2021-12-02 12:00:01+00:00,2022-08-02 23:42:13+00:00,64276,Inactive,Discount on total bill
78473,1372,2021-12-04 12:00:00+00:00,2022-08-02 23:42:13+00:00,64276,Inactive,Discount on total bill
78474,1372,2021-12-04 12:00:00+00:00,2022-08-02 23:42:13+00:00,64276,Inactive,Discount on total bill
78475,417,2021-12-04 12:00:00+00:00,2022-08-02 23:42:13+00:00,59897,Inactive,2 for 1 on specific menu items
78476,1372,2021-12-04 12:00:00+00:00,2022-08-02 23:42:36+00:00,64276,Inactive,Discount on total bill
78477,417,2021-12-04 12:00:01+00:00,2022-08-02 23:42:36+00:00,59897,Inactive,2 for 1 on specific menu items
78503,417,2021-12-04 16:20:01+00:00,2022-08-02 23:42:36+00:00,59897,Inactive,2 for 1 on specific menu items
78505,417,2021-12-04 18:13:01+00:00,2022-08-02 23:42:36+00:00,59897,Inactive,2 for 1 on specific menu items
78534,417,2021-12-05 14:49:01+00:00,2022-08-02 23:42:36+00:00,59897,Inactive,2 for 1 on specific menu items
78568,1372,2021-12-06 12:00:00+00:00,2022-08-02 23:42:36+00:00,64276,Inactive,Discount on total bill
78569,417,2021-12-06 12:00:00+00:00,2022-08-02 23:42:36+00:00,59897,Inactive,2 for 1 on specific menu items
78570,1372,2021-12-06 12:00:00+00:00,2022-08-02 23:42:36+00:00,64276,Inactive,Discount on total bill
78571,1372,2021-12-06 12:00:00+00:00,2022-08-02 23:42:36+00:00,64276,Inactive,Discount on total bill
78591,1372,2021-12-08 12:00:00+00:00,2022-08-02 23:42:36+00:00,64276,Inactive,Discount on total bill
78592,417,2021-12-08 12:00:00+00:00,2022-08-02 23:43:02+00:00,59897,Inactive,2 for 1 on specific menu items
78593,1372,2021-12-08 12:00:00+00:00,2022-08-02 23:43:02+00:00,64276,Inactive,Discount on total bill
78594,1372,2021-12-08 12:00:00+00:00,2022-08-02 23:43:02+00:00,64276,Inactive,Discount on total bill
78643,417,2021-12-09 15:56:01+00:00,2022-08-02 23:43:02+00:00,59897,Inactive,2 for 1 on specific menu items
78657,417,2021-12-09 19:19:01+00:00,2022-08-02 23:43:02+00:00,59897,Inactive,2 for 1 on specific menu items
78681,1372,2021-12-10 12:00:01+00:00,2022-08-02 23:43:02+00:00,64276,Inactive,Discount on total bill
78682,1372,2021-12-10 12:00:01+00:00,2022-08-02 23:43:02+00:00,64276,Inactive,Discount on total bill
78683,1372,2021-12-10 12:00:01+00:00,2022-08-02 23:43:02+00:00,64276,Inactive,Discount on total bill
78684,417,2021-12-10 12:00:01+00:00,2022-08-02 23:43:02+00:00,59897,Inactive,2 for 1 on specific menu items
78689,417,2021-12-10 19:23:01+00:00,2022-08-02 23:43:02+00:00,59897,Inactive,2 for 1 on specific menu items
78716,417,2021-12-11 12:00:01+00:00,2022-08-02 23:43:27+00:00,59897,Inactive,2 for 1 on specific menu items
78747,417,2021-12-12 09:15:00+00:00,2022-08-02 23:43:27+00:00,59897,Inactive,2 for 1 on specific menu items
78749,1372,2021-12-12 12:00:00+00:00,2022-08-02 23:43:27+00:00,64276,Inactive,Discount on total bill
78750,1372,2021-12-12 12:00:00+00:00,2022-08-02 23:43:27+00:00,64276,Inactive,Discount on total bill
78751,417,2021-12-12 12:00:00+00:00,2022-08-02 23:43:27+00:00,59897,Inactive,2 for 1 on specific menu items
78755,1372,2021-12-12 12:00:01+00:00,2022-08-02 23:43:27+00:00,64276,Inactive,Discount on total bill
78756,417,2021-12-12 12:00:01+00:00,2022-08-02 23:43:27+00:00,59897,Inactive,2 for 1 on specific menu items
78764,417,2021-12-13 12:00:01+00:00,2022-08-02 23:43:27+00:00,59897,Inactive,2 for 1 on specific menu items
78787,1372,2021-12-14 12:00:01+00:00,2022-08-02 23:43:27+00:00,64276,Inactive,Discount on total bill
78788,417,2021-12-14 12:00:01+00:00,2022-08-02 23:43:27+00:00,59897,Inactive,2 for 1 on specific menu items
78789,417,2021-12-14 12:00:01+00:00,2022-08-02 23:43:57+00:00,59897,Inactive,2 for 1 on specific menu items
78790,1372,2021-12-14 12:00:01+00:00,2022-08-02 23:43:57+00:00,64276,Inactive,Discount on total bill
78791,1372,2021-12-14 12:00:01+00:00,2022-08-02 23:43:57+00:00,64276,Inactive,Discount on total bill
78804,417,2021-12-15 12:00:00+00:00,2022-08-02 23:43:57+00:00,59897,Inactive,2 for 1 on specific menu items
78895,1372,2021-12-16 12:00:01+00:00,2022-08-02 23:43:57+00:00,64276,Inactive,Discount on total bill
78896,1372,2021-12-16 12:00:01+00:00,2022-08-02 23:43:57+00:00,64276,Inactive,Discount on total bill
78897,417,2021-12-16 12:00:01+00:00,2022-08-02 23:43:57+00:00,59897,Inactive,2 for 1 on specific menu items
78898,1372,2021-12-16 12:00:01+00:00,2022-08-02 23:43:57+00:00,64276,Inactive,Discount on total bill
78899,417,2021-12-16 12:00:01+00:00,2022-08-02 23:43:57+00:00,59897,Inactive,2 for 1 on specific menu items
78905,417,2021-12-16 15:05:01+00:00,2022-08-02 23:43:57+00:00,59897,Inactive,2 for 1 on specific menu items
78939,417,2021-12-16 18:40:00+00:00,2022-08-02 23:44:21+00:00,59897,Inactive,2 for 1 on specific menu items
78994,1372,2021-12-18 12:00:01+00:00,2022-08-02 23:44:21+00:00,64276,Inactive,Discount on total bill
78995,1372,2021-12-18 12:00:01+00:00,2022-08-02 23:44:21+00:00,64276,Inactive,Discount on total bill
78998,417,2021-12-18 12:00:06+00:00,2022-08-02 23:44:21+00:00,59897,Inactive,2 for 1 on specific menu items
78999,417,2021-12-18 12:00:06+00:00,2022-08-02 23:44:21+00:00,59897,Inactive,2 for 1 on specific menu items
79000,417,2021-12-18 12:00:06+00:00,2022-08-02 23:44:21+00:00,59897,Inactive,2 for 1 on specific menu items
79042,417,2021-12-20 12:00:00+00:00,2022-08-02 23:44:21+00:00,59897,Inactive,2 for 1 on specific menu items
79043,1372,2021-12-20 12:00:00+00:00,2022-08-02 23:44:21+00:00,64276,Inactive,Discount on total bill
79044,417,2021-12-20 12:00:00+00:00,2022-08-02 23:44:21+00:00,59897,Inactive,2 for 1 on specific menu items
79045,1372,2021-12-20 12:00:00+00:00,2022-08-02 23:44:21+00:00,64276,Inactive,Discount on total bill
79046,417,2021-12-20 12:00:00+00:00,2022-08-02 23:44:50+00:00,59897,Inactive,2 for 1 on specific menu items
79121,417,2021-12-21 14:38:00+00:00,2022-08-02 23:44:50+00:00,59897,Inactive,2 for 1 on specific menu items
79123,417,2021-12-21 16:06:01+00:00,2022-08-02 23:44:50+00:00,59897,Inactive,2 for 1 on specific menu items
79147,1372,2021-12-22 12:00:01+00:00,2022-08-02 23:44:50+00:00,64276,Inactive,Discount on total bill
79148,1372,2021-12-22 12:00:01+00:00,2022-08-02 23:44:50+00:00,64276,Inactive,Discount on total bill
79149,417,2021-12-22 12:00:01+00:00,2022-08-02 23:44:50+00:00,59897,Inactive,2 for 1 on specific menu items
79150,417,2021-12-22 12:00:01+00:00,2022-08-02 23:44:50+00:00,59897,Inactive,2 for 1 on specific menu items
79151,417,2021-12-22 12:00:01+00:00,2022-08-02 23:44:50+00:00,59897,Inactive,2 for 1 on specific menu items
79179,1372,2021-12-24 12:00:01+00:00,2022-08-02 23:44:50+00:00,64276,Inactive,Discount on total bill
79180,417,2021-12-24 12:00:01+00:00,2022-08-02 23:44:50+00:00,59897,Inactive,2 for 1 on specific menu items
79181,1372,2021-12-24 12:00:01+00:00,2022-08-02 23:45:25+00:00,64276,Inactive,Discount on total bill
79182,417,2021-12-24 12:00:01+00:00,2022-08-02 23:45:25+00:00,59897,Inactive,2 for 1 on specific menu items
79183,417,2021-12-24 12:00:01+00:00,2022-08-02 23:45:25+00:00,59897,Inactive,2 for 1 on specific menu items
79212,417,2021-12-26 12:00:00+00:00,2022-08-02 23:45:25+00:00,59897,Inactive,2 for 1 on specific menu items
79213,417,2021-12-26 12:00:00+00:00,2022-08-02 23:45:25+00:00,59897,Inactive,2 for 1 on specific menu items
79214,1372,2021-12-26 12:00:00+00:00,2022-08-02 23:45:25+00:00,64276,Inactive,Discount on total bill
79215,1372,2021-12-26 12:00:00+00:00,2022-08-02 23:45:25+00:00,64276,Inactive,Discount on total bill
79216,417,2021-12-26 12:00:01+00:00,2022-08-02 23:45:25+00:00,59897,Inactive,2 for 1 on specific menu items
79229,417,2021-12-27 12:00:00+00:00,2022-08-02 23:45:25+00:00,59897,Inactive,2 for 1 on specific menu items
79253,417,2021-12-28 12:00:00+00:00,2022-08-02 23:45:25+00:00,59897,Inactive,2 for 1 on specific menu items
79254,417,2021-12-28 12:00:00+00:00,2022-08-02 23:45:59+00:00,59897,Inactive,2 for 1 on specific menu items
79255,1372,2021-12-28 12:00:00+00:00,2022-08-02 23:45:59+00:00,64276,Inactive,Discount on total bill
79256,417,2021-12-28 12:00:01+00:00,2022-08-02 23:45:59+00:00,59897,Inactive,2 for 1 on specific menu items
79261,1372,2021-12-28 12:00:02+00:00,2022-08-02 23:45:59+00:00,64276,Inactive,Discount on total bill
79269,417,2021-12-29 12:00:01+00:00,2022-08-02 23:45:59+00:00,59897,Inactive,2 for 1 on specific menu items
79318,1372,2021-12-30 12:00:00+00:00,2022-08-02 23:45:59+00:00,64276,Inactive,Discount on total bill
79319,417,2021-12-30 12:00:00+00:00,2022-08-02 23:45:59+00:00,59897,Inactive,2 for 1 on specific menu items
79320,417,2021-12-30 12:00:00+00:00,2022-08-02 23:45:59+00:00,59897,Inactive,2 for 1 on specific menu items
79321,417,2021-12-30 12:00:00+00:00,2022-08-02 23:45:59+00:00,59897,Inactive,2 for 1 on specific menu items
79326,417,2021-12-30 18:33:00+00:00,2022-08-02 23:45:59+00:00,64276,Inactive,Discount on specific menu items
79327,417,2021-12-30 18:33:00+00:00,2022-08-02 23:46:30+00:00,64276,Inactive,Discount on specific menu items
79335,417,2021-12-31 12:00:00+00:00,2022-08-02 23:46:30+00:00,59897,Inactive,2 for 1 on specific menu items
79369,417,2022-01-01 12:00:00+00:00,2022-08-02 23:46:30+00:00,59897,Inactive,2 for 1 on specific menu items
79370,417,2022-01-01 12:00:00+00:00,2022-08-02 23:46:30+00:00,59897,Inactive,2 for 1 on specific menu items
79371,1372,2022-01-01 12:00:00+00:00,2022-08-02 23:46:30+00:00,64276,Inactive,Discount on total bill
79372,417,2022-01-01 12:00:01+00:00,2022-08-02 23:46:30+00:00,59897,Inactive,2 for 1 on specific menu items
79382,417,2022-01-02 12:00:00+00:00,2022-08-02 23:46:30+00:00,59897,Inactive,2 for 1 on specific menu items
79405,417,2022-01-03 12:00:00+00:00,2022-08-02 23:46:30+00:00,59897,Inactive,2 for 1 on specific menu items
79406,1372,2022-01-03 12:00:00+00:00,2022-08-02 23:46:30+00:00,64276,Inactive,Discount on total bill
79407,417,2022-01-03 12:00:00+00:00,2022-08-02 23:46:30+00:00,59897,Inactive,2 for 1 on specific menu items
79408,417,2022-01-03 12:00:00+00:00,2022-08-02 23:47:06+00:00,59897,Inactive,2 for 1 on specific menu items
79424,417,2022-01-04 12:00:01+00:00,2022-08-02 23:47:06+00:00,59897,Inactive,2 for 1 on specific menu items
79425,417,2022-01-04 12:00:01+00:00,2022-08-02 23:47:06+00:00,59897,Inactive,2 for 1 on specific menu items
79452,417,2022-01-05 12:00:01+00:00,2022-08-02 23:47:06+00:00,59897,Inactive,2 for 1 on specific menu items
79453,1372,2022-01-05 12:00:01+00:00,2022-08-02 23:47:06+00:00,64276,Inactive,Discount on total bill
79454,417,2022-01-05 12:00:01+00:00,2022-08-02 23:47:06+00:00,59897,Inactive,2 for 1 on specific menu items
79468,417,2022-01-06 12:00:01+00:00,2022-08-02 23:47:06+00:00,59897,Inactive,2 for 1 on specific menu items
79469,417,2022-01-06 12:00:01+00:00,2022-08-02 23:47:06+00:00,59897,Inactive,2 for 1 on specific menu items
79748,1372,2022-01-08 12:00:01+00:00,2022-08-02 23:47:06+00:00,64276,Inactive,Discount on total bill
79749,417,2022-01-08 12:00:02+00:00,2022-08-02 23:47:06+00:00,59897,Inactive,2 for 1 on specific menu items
79772,417,2022-01-09 12:00:01+00:00,2022-08-02 23:47:42+00:00,59897,Inactive,2 for 1 on specific menu items
79773,417,2022-01-09 12:00:01+00:00,2022-08-02 23:47:42+00:00,59897,Inactive,2 for 1 on specific menu items
79812,417,2022-01-11 12:00:01+00:00,2022-08-02 23:47:42+00:00,59897,Inactive,2 for 1 on specific menu items
80166,417,2022-02-04 21:17:01+00:00,2022-08-02 23:47:42+00:00,59897,Inactive,2 for 1 on specific menu items
80169,417,2022-02-05 08:09:01+00:00,2022-08-02 23:48:03+00:00,59897,Inactive,2 for 1 on specific menu items
84361,417,2022-03-22 10:09:09+00:00,2022-08-02 23:48:36+00:00,65417,Inactive,All you can eat
84364,417,2022-03-22 10:15:55+00:00,2022-03-22 10:15:55+00:00,65417,Inactive,All you can eat
84367,417,2022-03-22 10:20:51+00:00,2022-03-22 10:20:51+00:00,65417,Inactive,All you can eat
84376,417,2022-03-22 10:15:55+00:00,2022-03-22 13:45:01+00:00,65417,Inactive,All you can eat
84378,417,2022-03-22 10:20:51+00:00,2022-03-22 13:45:01+00:00,65417,Inactive,All you can eat
86884,417,2022-03-22 10:09:09+00:00,2022-08-02 23:48:36+00:00,65417,Inactive,All you can eat
86901,417,2022-03-22 10:09:09+00:00,2022-08-02 23:51:56+00:00,65417,Inactive,All you can eat
86912,417,2022-03-22 10:09:09+00:00,2022-08-02 23:51:56+00:00,65417,Inactive,All you can eat
86938,417,2022-03-22 10:09:09+00:00,2022-08-02 23:51:56+00:00,65417,Inactive,All you can eat
86978,417,2022-03-22 10:09:09+00:00,2022-08-02 23:51:56+00:00,65417,Inactive,All you can eat
87000,417,2022-03-22 10:09:09+00:00,2022-08-02 23:51:56+00:00,65417,Inactive,All you can eat
87063,417,2022-03-22 10:09:09+00:00,2022-08-02 23:51:56+00:00,65417,Inactive,All you can eat
87091,417,2022-03-22 10:09:09+00:00,2022-08-02 23:51:56+00:00,65417,Inactive,All you can eat
87106,417,2022-03-22 10:09:09+00:00,2022-08-02 23:51:56+00:00,65417,Inactive,All you can eat
87143,417,2022-03-22 10:09:09+00:00,2022-08-02 23:51:56+00:00,65417,Inactive,All you can eat
87154,417,2022-03-22 10:09:09+00:00,2022-08-02 23:51:56+00:00,65417,Inactive,All you can eat
87164,417,2022-03-22 10:09:09+00:00,2022-04-06 13:46:21+00:00,65417,Inactive,All you can eat
87174,417,2022-03-22 10:09:09+00:00,2022-04-06 14:15:27+00:00,65417,Inactive,All you can eat
87181,417,2022-03-22 10:09:09+00:00,2022-04-06 15:00:47+00:00,65417,Inactive,All you can eat
87299,417,2022-03-22 10:09:09+00:00,2022-04-06 18:19:05+00:00,65417,Inactive,All you can eat
87327,417,2022-03-22 10:09:09+00:00,2022-04-07 14:10:01+00:00,65417,Inactive,All you can eat
88031,417,2022-04-11 12:25:53+00:00,2022-04-13 15:00:01+00:00,64276,Inactive,Discount on total bill
88472,417,2022-03-22 10:09:09+00:00,2022-04-13 09:13:01+00:00,65417,Inactive,All you can eat
88503,417,2022-03-22 10:09:09+00:00,2022-04-13 10:11:03+00:00,65417,Inactive,All you can eat
88544,417,2022-03-22 10:09:09+00:00,2022-04-13 14:40:27+00:00,65417,Inactive,All you can eat
88592,417,2022-03-22 10:09:09+00:00,2022-04-13 15:46:56+00:00,65417,Inactive,All you can eat
88598,417,2022-03-22 10:09:09+00:00,2022-04-13 15:44:56+00:00,65417,Inactive,All you can eat
88617,417,2022-03-22 10:09:09+00:00,2022-04-13 18:50:01+00:00,65417,Inactive,All you can eat
88645,417,2022-03-22 10:09:09+00:00,2022-04-13 19:15:01+00:00,65417,Inactive,All you can eat
88661,417,2022-03-22 10:09:09+00:00,2022-04-13 19:25:01+00:00,65417,Inactive,All you can eat
88663,417,2022-03-22 10:20:51+00:00,2022-04-13 19:25:01+00:00,65417,Inactive,All you can eat
88697,417,2022-03-22 10:09:09+00:00,2022-04-13 20:50:01+00:00,65417,Inactive,All you can eat
88713,417,2022-03-22 10:09:09+00:00,2022-04-13 19:40:01+00:00,65417,Inactive,All you can eat
88722,417,2022-03-22 10:09:09+00:00,2022-04-13 19:40:01+00:00,65417,Inactive,All you can eat
88752,417,2022-03-22 10:09:09+00:00,2022-04-13 16:39:24+00:00,65417,Inactive,All you can eat
88758,417,2022-03-22 10:09:09+00:00,2022-04-13 19:40:01+00:00,65417,Inactive,All you can eat
88780,417,2022-03-22 10:09:09+00:00,2022-04-13 19:45:01+00:00,65417,Inactive,All you can eat
88817,417,2022-03-22 10:09:09+00:00,2022-04-13 19:45:01+00:00,65417,Inactive,All you can eat
88907,417,2022-03-22 10:09:09+00:00,2022-04-13 19:50:02+00:00,65417,Inactive,All you can eat
89023,417,2022-03-22 10:15:55+00:00,2022-04-13 20:45:01+00:00,65417,Inactive,All you can eat
89082,417,2022-03-22 10:09:09+00:00,2022-04-13 23:05:01+00:00,65417,Inactive,All you can eat
89151,417,2022-03-22 10:09:09+00:00,2022-04-14 01:05:01+00:00,65417,Inactive,All you can eat
89157,417,2022-03-22 10:09:09+00:00,2022-04-14 01:05:01+00:00,65417,Inactive,All you can eat
89173,417,2022-03-22 10:09:09+00:00,2022-04-13 22:55:20+00:00,65417,Inactive,All you can eat
89926,417,2022-03-22 10:09:09+00:00,2022-04-21 15:49:34+00:00,65417,Inactive,All you can eat
90383,417,2022-03-22 10:15:55+00:00,2022-04-24 12:14:17+00:00,65417,Inactive,All you can eat
90410,417,2022-03-22 10:09:09+00:00,2022-04-24 13:06:36+00:00,65417,Inactive,All you can eat
90432,417,2022-03-22 10:09:09+00:00,2022-04-24 14:48:01+00:00,65417,Inactive,All you can eat
90440,417,2022-03-22 10:15:55+00:00,2022-04-24 14:50:21+00:00,65417,Inactive,All you can eat
90481,417,2022-03-22 10:09:09+00:00,2022-04-24 16:50:35+00:00,65417,Inactive,All you can eat
90490,417,2022-03-22 10:09:09+00:00,2022-04-24 16:53:55+00:00,65417,Inactive,All you can eat
90498,417,2022-03-22 10:09:09+00:00,2022-04-24 17:06:38+00:00,65417,Inactive,All you can eat
90510,417,2022-03-22 10:09:09+00:00,2022-04-24 17:23:17+00:00,65417,Inactive,All you can eat
90516,417,2022-03-22 10:09:09+00:00,2022-04-24 17:33:15+00:00,65417,Inactive,All you can eat
90534,417,2022-03-22 10:09:09+00:00,2022-04-24 17:37:38+00:00,65417,Inactive,All you can eat
90540,417,2022-03-22 10:09:09+00:00,2022-04-24 17:45:05+00:00,65417,Inactive,All you can eat
90544,417,2022-03-22 10:09:09+00:00,2022-04-24 19:46:49+00:00,65417,Inactive,All you can eat
90548,417,2022-03-22 10:09:09+00:00,2022-04-24 19:46:31+00:00,65417,Inactive,All you can eat
90555,417,2022-03-22 10:09:09+00:00,2022-04-24 18:23:44+00:00,65417,Inactive,All you can eat
90619,417,2022-03-22 10:15:55+00:00,2022-04-24 19:46:18+00:00,65417,Inactive,All you can eat
90625,417,2022-03-22 10:09:09+00:00,2022-04-24 19:21:26+00:00,65417,Inactive,All you can eat
90698,417,2022-03-22 10:15:55+00:00,2022-04-24 20:29:17+00:00,65417,Inactive,All you can eat
90706,417,2022-03-22 10:15:55+00:00,2022-04-24 20:55:52+00:00,65417,Inactive,All you can eat
90707,417,2022-03-22 10:09:09+00:00,2022-04-24 20:55:52+00:00,65417,Inactive,All you can eat
90713,417,2022-03-22 10:20:51+00:00,2022-04-24 20:55:52+00:00,65417,Inactive,All you can eat
90724,417,2022-03-22 10:15:55+00:00,2022-04-24 20:57:10+00:00,65417,Inactive,All you can eat
90730,417,2022-03-22 10:15:55+00:00,2022-04-24 20:58:30+00:00,65417,Inactive,All you can eat
90738,417,2022-03-22 10:15:55+00:00,2022-04-24 20:59:18+00:00,65417,Inactive,All you can eat
90744,417,2022-03-22 10:15:55+00:00,2022-04-24 20:59:49+00:00,65417,Inactive,All you can eat
90750,417,2022-03-22 10:15:55+00:00,2022-04-24 21:00:20+00:00,65417,Inactive,All you can eat
90756,417,2022-03-22 10:15:55+00:00,2022-04-24 21:16:00+00:00,65417,Inactive,All you can eat
90764,417,2022-03-22 10:20:51+00:00,2022-04-24 21:16:00+00:00,65417,Inactive,All you can eat
90774,417,2022-03-22 10:09:09+00:00,2022-04-24 21:16:00+00:00,65417,Inactive,All you can eat
90780,417,2022-03-22 10:15:55+00:00,2022-04-24 21:31:34+00:00,65417,Inactive,All you can eat
90787,417,2022-03-22 10:15:55+00:00,2022-04-24 21:31:45+00:00,65417,Inactive,All you can eat
90799,417,2022-03-22 10:15:55+00:00,2022-04-25 00:35:01+00:00,65417,Inactive,All you can eat
90814,417,2022-03-22 10:20:51+00:00,2022-04-25 00:50:01+00:00,65417,Inactive,All you can eat
90815,417,2022-03-22 10:15:55+00:00,2022-04-25 00:50:01+00:00,65417,Inactive,All you can eat
90819,417,2022-03-22 10:15:55+00:00,2022-04-25 00:50:01+00:00,65417,Inactive,All you can eat
90825,417,2022-03-22 10:09:09+00:00,2022-04-25 00:50:01+00:00,65417,Inactive,All you can eat
90826,417,2022-03-22 10:15:55+00:00,2022-04-25 00:50:01+00:00,65417,Inactive,All you can eat
90827,417,2022-03-22 10:20:51+00:00,2022-04-25 00:50:01+00:00,65417,Inactive,All you can eat
90831,417,2022-03-22 10:09:09+00:00,2022-04-25 00:50:01+00:00,65417,Inactive,All you can eat
90836,417,2022-03-22 10:09:09+00:00,2022-04-25 00:50:01+00:00,65417,Inactive,All you can eat
90837,417,2022-03-22 10:15:55+00:00,2022-04-25 00:50:01+00:00,65417,Inactive,All you can eat
90842,417,2022-03-22 10:09:09+00:00,2022-04-25 00:50:01+00:00,65417,Inactive,All you can eat
90843,417,2022-03-22 10:15:55+00:00,2022-04-25 00:50:01+00:00,65417,Inactive,All you can eat
90882,417,2022-03-22 10:09:09+00:00,2022-04-25 03:47:33+00:00,65417,Inactive,All you can eat
90886,417,2022-03-22 10:09:09+00:00,2022-04-25 03:50:43+00:00,65417,Inactive,All you can eat
90902,417,2022-03-22 10:09:09+00:00,2022-04-25 03:49:28+00:00,65417,Inactive,All you can eat
91100,417,2022-03-22 10:09:09+00:00,2022-04-27 07:50:20+00:00,65417,Inactive,All you can eat
91104,417,2022-03-22 10:09:09+00:00,2022-04-27 07:49:36+00:00,65417,Inactive,All you can eat
91128,417,2022-03-22 10:09:09+00:00,2022-04-27 10:56:03+00:00,65417,Inactive,All you can eat
91173,417,2022-03-22 10:09:09+00:00,2022-04-27 14:33:45+00:00,65417,Inactive,All you can eat
91194,417,2022-03-22 10:09:09+00:00,2022-04-27 14:55:53+00:00,65417,Inactive,All you can eat
91202,417,2022-03-22 10:09:09+00:00,2022-04-27 15:43:08+00:00,65417,Inactive,All you can eat
91213,417,2022-03-22 10:09:09+00:00,2022-04-27 16:59:47+00:00,65417,Inactive,All you can eat
91222,417,2022-03-22 10:09:09+00:00,2022-04-27 18:01:19+00:00,65417,Inactive,All you can eat
91255,417,2022-03-22 10:09:09+00:00,2022-04-27 19:33:33+00:00,65417,Inactive,All you can eat
91259,417,2022-03-22 10:09:09+00:00,2022-04-27 17:30:40+00:00,65417,Inactive,All you can eat
91263,417,2022-03-22 10:09:09+00:00,2022-04-27 17:01:57+00:00,65417,Inactive,All you can eat
91267,417,2022-03-22 10:09:09+00:00,2022-04-27 18:56:55+00:00,65417,Inactive,All you can eat
91278,417,2022-03-22 10:09:09+00:00,2022-04-27 17:32:04+00:00,65417,Inactive,All you can eat
91303,417,2022-03-22 10:09:09+00:00,2022-04-27 17:33:44+00:00,65417,Inactive,All you can eat
91383,417,2022-03-22 10:09:09+00:00,2022-04-27 17:48:36+00:00,65417,Inactive,All you can eat
91387,417,2022-03-22 10:09:09+00:00,2022-04-27 17:42:47+00:00,65417,Inactive,All you can eat
91410,417,2022-03-22 10:09:09+00:00,2022-04-27 19:35:01+00:00,65417,Inactive,All you can eat
91434,417,2022-03-22 10:09:09+00:00,2022-04-27 19:55:25+00:00,65417,Inactive,All you can eat
91438,417,2022-03-22 10:09:09+00:00,2022-04-27 17:59:18+00:00,65417,Inactive,All you can eat
91531,417,2022-03-22 10:09:09+00:00,2022-04-27 19:07:23+00:00,65417,Inactive,All you can eat
91606,417,2022-03-22 10:09:09+00:00,2022-04-27 18:42:09+00:00,65417,Inactive,All you can eat
91621,417,2022-03-22 10:09:09+00:00,2022-04-27 18:22:44+00:00,65417,Inactive,All you can eat
91648,417,2022-03-22 10:20:51+00:00,2022-04-27 19:55:25+00:00,65417,Inactive,All you can eat
91660,417,2022-03-22 10:09:09+00:00,2022-04-27 19:55:06+00:00,65417,Inactive,All you can eat
91723,417,2022-03-22 10:09:09+00:00,2022-04-27 19:38:04+00:00,65417,Inactive,All you can eat
91784,417,2022-03-22 10:09:09+00:00,2022-04-27 19:43:02+00:00,65417,Inactive,All you can eat
91788,417,2022-03-22 10:09:09+00:00,2022-04-27 19:47:51+00:00,65417,Inactive,All you can eat
91914,417,2022-03-22 10:09:09+00:00,2022-04-27 21:50:01+00:00,65417,Inactive,All you can eat
92020,417,2022-03-22 10:09:09+00:00,2022-04-28 16:25:27+00:00,65417,Inactive,All you can eat
92057,417,2022-03-22 10:09:09+00:00,2022-04-28 16:46:08+00:00,65417,Inactive,All you can eat
92083,417,2022-03-22 10:09:09+00:00,2022-04-28 17:50:32+00:00,65417,Inactive,All you can eat
92087,417,2022-03-22 10:09:09+00:00,2022-04-28 18:20:50+00:00,65417,Inactive,All you can eat
92094,417,2022-03-22 10:09:09+00:00,2022-04-28 18:35:41+00:00,65417,Inactive,All you can eat
92114,417,2022-03-22 10:09:09+00:00,2022-04-28 18:26:34+00:00,65417,Inactive,All you can eat
92133,417,2022-03-22 10:09:09+00:00,2022-04-28 18:06:54+00:00,65417,Inactive,All you can eat
92202,417,2022-03-22 10:09:09+00:00,2022-04-28 18:45:11+00:00,65417,Inactive,All you can eat
92228,417,2022-03-22 10:09:09+00:00,2022-04-28 19:04:26+00:00,65417,Inactive,All you can eat
92270,417,2022-03-22 10:09:09+00:00,2022-04-28 17:45:00+00:00,65417,Inactive,All you can eat
92296,417,2022-03-22 10:09:09+00:00,2022-04-28 18:46:17+00:00,65417,Inactive,All you can eat
92300,417,2022-03-22 10:09:09+00:00,2022-04-28 18:52:23+00:00,65417,Inactive,All you can eat
92370,417,2022-03-22 10:09:09+00:00,2022-04-28 18:53:15+00:00,65417,Inactive,All you can eat
92384,417,2022-03-22 10:09:09+00:00,2022-04-28 18:54:25+00:00,65417,Inactive,All you can eat
92475,417,2022-03-22 10:09:09+00:00,2022-04-28 19:33:36+00:00,65417,Inactive,All you can eat
92508,417,2022-03-22 10:09:09+00:00,2022-04-28 18:57:10+00:00,65417,Inactive,All you can eat
92630,417,2022-03-22 10:09:09+00:00,2022-04-28 19:43:03+00:00,65417,Inactive,All you can eat
92631,417,2022-03-22 10:20:51+00:00,2022-04-28 19:43:03+00:00,65417,Inactive,All you can eat
92642,417,2022-03-22 10:09:09+00:00,2022-04-28 19:37:33+00:00,65417,Inactive,All you can eat
92736,417,2022-03-22 10:09:09+00:00,2022-04-28 19:55:17+00:00,65417,Inactive,All you can eat
92819,417,2022-03-22 10:09:09+00:00,2022-04-28 22:35:01+00:00,65417,Inactive,All you can eat
92854,417,2022-03-22 10:15:55+00:00,2022-04-29 18:00:01+00:00,65417,Inactive,All you can eat
92858,417,2022-03-22 10:15:55+00:00,2022-04-29 17:42:51+00:00,65417,Inactive,All you can eat
92862,417,2022-03-22 10:15:55+00:00,2022-04-29 17:42:34+00:00,65417,Inactive,All you can eat
92866,417,2022-03-22 10:15:55+00:00,2022-04-29 19:15:22+00:00,65417,Inactive,All you can eat
92905,417,2022-03-22 10:15:55+00:00,2022-04-29 17:43:56+00:00,65417,Inactive,All you can eat
92945,417,2022-03-22 10:15:55+00:00,2022-04-29 18:02:57+00:00,65417,Inactive,All you can eat
92949,417,2022-03-22 10:15:55+00:00,2022-04-29 18:52:22+00:00,65417,Inactive,All you can eat
93016,417,2022-03-22 10:15:55+00:00,2022-04-29 17:51:56+00:00,65417,Inactive,All you can eat
93020,417,2022-03-22 10:15:55+00:00,2022-04-29 18:51:10+00:00,65417,Inactive,All you can eat
93024,417,2022-03-22 10:15:55+00:00,2022-04-29 19:53:10+00:00,65417,Inactive,All you can eat
93083,417,2022-03-22 10:15:55+00:00,2022-04-29 19:08:13+00:00,65417,Inactive,All you can eat
93093,417,2022-03-22 10:15:55+00:00,2022-04-29 18:53:00+00:00,65417,Inactive,All you can eat
93100,417,2022-03-22 10:15:55+00:00,2022-04-29 20:00:01+00:00,65417,Inactive,All you can eat
93184,417,2022-03-22 10:15:55+00:00,2022-04-29 20:10:01+00:00,65417,Inactive,All you can eat
93197,417,2022-03-22 10:15:55+00:00,2022-04-29 20:10:01+00:00,65417,Inactive,All you can eat
93224,417,2022-03-22 10:15:55+00:00,2022-04-29 18:48:50+00:00,65417,Inactive,All you can eat
93225,417,2022-03-22 10:20:51+00:00,2022-04-29 18:48:50+00:00,65417,Inactive,All you can eat
93229,417,2022-03-22 10:15:55+00:00,2022-04-29 20:15:01+00:00,65417,Inactive,All you can eat
93235,417,2022-03-22 10:15:55+00:00,2022-04-29 20:20:01+00:00,65417,Inactive,All you can eat
93338,417,2022-03-22 10:15:55+00:00,2022-04-29 20:35:01+00:00,65417,Inactive,All you can eat
93403,417,2022-03-22 10:15:55+00:00,2022-04-29 19:13:40+00:00,65417,Inactive,All you can eat
93413,417,2022-03-22 10:15:55+00:00,2022-04-29 19:53:24+00:00,65417,Inactive,All you can eat
93418,417,2022-03-22 10:15:55+00:00,2022-04-29 19:47:48+00:00,65417,Inactive,All you can eat
93534,417,2022-03-22 10:15:55+00:00,2022-04-29 21:30:01+00:00,65417,Inactive,All you can eat
93540,417,2022-03-22 10:15:55+00:00,2022-04-29 19:53:38+00:00,65417,Inactive,All you can eat
93709,417,2022-03-22 10:09:09+00:00,2022-04-30 13:00:09+00:00,65417,Inactive,All you can eat
93721,417,2022-03-22 10:09:09+00:00,2022-04-30 12:59:54+00:00,65417,Inactive,All you can eat
93742,417,2022-03-22 10:09:09+00:00,2022-04-30 13:40:27+00:00,65417,Inactive,All you can eat
93750,417,2022-03-22 10:09:09+00:00,2022-04-30 14:12:33+00:00,65417,Inactive,All you can eat
93770,417,2022-03-22 10:15:55+00:00,2022-04-30 15:41:27+00:00,65417,Inactive,All you can eat
100911,417,2022-06-03 13:13:46+00:00,2022-06-03 13:13:46+00:00,59897,Inactive,All you can eat
100921,417,2022-06-03 13:13:46+00:00,2022-06-03 13:45:32+00:00,59897,Inactive,All you can eat
100935,417,2022-06-03 13:13:46+00:00,2022-06-03 15:50:01+00:00,59897,Inactive,All you can eat
101286,417,2022-06-03 13:13:46+00:00,2022-06-04 16:10:01+00:00,59897,Inactive,All you can eat
101956,417,2022-03-22 10:15:55+00:00,2022-06-07 12:21:40+00:00,65417,Inactive,All you can eat
101962,417,2022-06-03 13:13:46+00:00,2022-06-07 13:10:02+00:00,59897,Inactive,All you can eat
104351,417,2022-06-15 19:32:05+00:00,2022-06-15 19:32:05+00:00,102096,Inactive,All you can eat
104357,417,2022-06-15 19:32:05+00:00,2022-06-15 20:00:55+00:00,102096,Inactive,All you can eat
104380,417,2022-06-15 19:32:05+00:00,2022-06-15 20:54:30+00:00,102096,Inactive,All you can eat
104403,417,2022-06-15 19:32:05+00:00,2022-06-15 21:43:30+00:00,102096,Inactive,All you can eat
104421,417,2022-06-15 19:32:05+00:00,2022-06-15 23:43:57+00:00,102096,Inactive,All you can eat
104425,417,2022-06-15 19:32:05+00:00,2022-06-15 23:40:43+00:00,102096,Inactive,All you can eat
104593,417,2022-06-15 19:32:05+00:00,2022-06-16 22:25:01+00:00,102096,Inactive,All you can eat
104597,417,2022-06-15 19:32:05+00:00,2022-06-16 22:25:01+00:00,102096,Inactive,All you can eat
106557,424,2022-06-23 11:43:36+00:00,2022-06-23 11:43:36+00:00,102096,Inactive,Freebie
120162,417,2022-07-13 12:16:07+00:00,2022-08-13 12:00:01+00:00,94025,Inactive,Discount on specific menu items
120164,417,2022-07-13 12:17:25+00:00,2022-08-13 12:20:01+00:00,94025,Inactive,Discount on specific menu items
124482,417,2022-07-20 09:26:00+00:00,2022-07-21 07:20:12+00:00,106493,Inactive,Freebie
133542,424,2022-07-31 11:24:31+00:00,2022-07-31 14:00:01+00:00,59897,Inactive,Goodie bag
139598,417,2022-08-07 12:53:01+00:00,2022-08-07 14:50:52+00:00,59897,Inactive,Goodie bag
154062,417,2022-06-15 19:32:05+00:00,2022-08-23 22:25:01+00:00,102096,Inactive,All you can eat
154075,417,2022-06-15 19:32:05+00:00,2022-08-23 10:38:11+00:00,102096,Inactive,All you can eat
154231,417,2022-06-15 19:32:05+00:00,2022-08-24 03:15:01+00:00,102096,Inactive,All you can eat
154955,417,2022-06-15 19:32:05+00:00,2022-08-24 22:20:01+00:00,102096,Inactive,All you can eat
155714,417,2022-06-15 19:32:05+00:00,2022-08-25 20:35:01+00:00,102096,Inactive,All you can eat
155764,417,2022-06-15 19:32:05+00:00,2022-08-25 21:00:01+00:00,102096,Inactive,All you can eat
156585,424,2022-08-26 09:19:29+00:00,2022-08-26 09:19:29+00:00,59897,Inactive,2 for 1 on specific menu items
167053,2608,2022-09-06 12:55:44+00:00,2022-09-06 12:55:44+00:00,59897,Inactive,2 for 1 on specific menu items
204299,417,2022-03-22 10:09:09+00:00,2022-11-04 20:15:01+00:00,65417,Inactive,All you can eat
227964,424,2023-01-07 20:54:25+00:00,2023-01-31 21:55:01+00:00,59897,Inactive,Freebie
