"id","user_id","created","updated","vocabulary","name"
1,1351,1746612556,1746612556,gender,Male
2,1351,1746612556,1746612556,gender,Female
1332,1351,1746612556,1746612556,type,Bar
1333,1351,1746612556,1746612556,type,Café
1334,1351,1746612556,1746612556,type,Lounge
1335,1351,1746612556,1746612556,type,Restaurant
1336,1351,1746612556,1746612556,type,Pub
3544,1351,1746612556,1746612556,tier_category,Gold
3545,1351,1746612558,1746612558,tier_category,Silver
3546,1351,1746612558,1746612558,tier_category,Bronze
11048,1351,1746612558,1746612558,area,"1264 København K"
11219,1351,1746612558,1746612558,area,"1620 København V"
11229,1351,1746612558,1746612558,area,"1635 København V"
11434,1351,1746612558,1746612558,area,"2000 Frederiksberg"
11435,1351,1746612558,1746612558,area,"2100 København Ø"
11437,1351,1746612558,1746612558,area,"2200 København N"
11438,1351,1746612558,1746612558,area,"2300 København S"
11441,1351,1746612560,1746612560,area,"2500 Valby"
11457,1351,1746612560,1746612560,area,"2720 Vanløse"
12030,1351,1746612560,1746612560,age_group,"13-20"
12031,1351,1746612560,1746612560,age_group,"21-30"
12032,1351,1746612560,1746612560,age_group,"31-40"
12033,1351,1746612560,1746612560,age_group,"41-50"
12034,1351,1746612560,1746612560,age_group,"51-60"
12035,1351,1746612560,1746612560,age_group,"61-70"
12036,1351,1746612560,1746612560,campaign_type,Flat discount on total bill
12037,1351,1746612560,1746612560,campaign_type,Discount on specific menu items
12038,1351,1746612563,1746612563,campaign_type,"2 for 1 on specific menu items"
12039,1351,1746612563,1746612563,cuisine,Albanian
12040,1351,1746612563,1746612563,cuisine,Andhra
12041,1351,1746612563,1746612563,cuisine,Anglo-Indian
12042,1351,1746612563,1746612563,cuisine,Middle Eastern
12043,1351,1746612563,1746612563,cuisine,Argentine
12044,1351,1746612563,1746612563,cuisine,Armenian
12045,1351,1746612563,1746612563,cuisine,Assyrian
12046,1351,1746612563,1746612563,cuisine,Awadhi
12047,1351,1746612563,1746612563,cuisine,Azerbaijani
12048,1351,1746612564,1746612564,cuisine,Balochi
12049,1351,1746612564,1746612564,cuisine,Bangladeshi
12050,1351,1746612564,1746612564,cuisine,Belarusian
12051,1351,1746612564,1746612564,cuisine,Bengali
12052,1351,1746612564,1746612564,cuisine,Berber
12053,1351,1746612564,1746612564,cuisine,Brazilian
12054,1351,1746612564,1746612564,cuisine,Buddhist
12055,1351,1746612564,1746612564,cuisine,Bulgarian
12056,1351,1746612564,1746612564,cuisine,Cajun
12057,1351,1746612564,1746612564,cuisine,Cantonese
12058,1351,1746612566,1746612566,cuisine,Caribbean
12059,1351,1746612566,1746612566,cuisine,Chechen
12060,1351,1746612566,1746612566,cuisine,Chinese 
12061,1351,1746612566,1746612566,cuisine,Chinese Islamic
12062,1351,1746612566,1746612566,cuisine,Circassian
12063,1351,1746612566,1746612566,cuisine,Crimean Tatar
12064,1351,1746612566,1746612566,cuisine,Cypriot
12065,1351,1746612566,1746612566,cuisine,Danish
12066,1351,1746612566,1746612566,cuisine,English
12067,1351,1746612566,1746612566,cuisine,Estonian
12068,1351,1746612568,1746612568,cuisine,Filipino
12069,1351,1746612568,1746612568,cuisine,French
12070,1351,1746612568,1746612568,cuisine,Fusion 
12071,1351,1746612568,1746612568,cuisine,Georgian
12072,1351,1746612568,1746612568,cuisine,German
12073,1351,1746612568,1746612568,cuisine,Goan
12074,1351,1746612568,1746612568,cuisine,Goan Catholic
12075,1351,1746612568,1746612568,cuisine,Greek
12076,1351,1746612568,1746612568,cuisine,Gujarati
12077,1351,1746612568,1746612568,cuisine,Haute 
12078,1351,1746612569,1746612569,cuisine,Hong Kong Western
12079,1351,1746612569,1746612569,cuisine,Hyderabad
12080,1351,1746612569,1746612569,cuisine,Indian 
12081,1351,1746612569,1746612569,cuisine,Indian Chinese
12082,1351,1746612569,1746612569,cuisine,Indian Singaporean 
12083,1351,1746612569,1746612569,cuisine,Indonesian
12084,1351,1746612569,1746612569,cuisine,Inuit
12085,1351,1746612569,1746612569,cuisine,Irish
12086,1351,1746612569,1746612569,cuisine,Italian 
12087,1351,1746612569,1746612569,cuisine,Italian American
12088,1351,1746612574,1746612574,cuisine,Jamaican
12089,1351,1746612574,1746612574,cuisine,Japanese
12090,1351,1746612574,1746612574,cuisine,Jewish
12091,1351,1746612574,1746612574,cuisine,Karnataka
12092,1351,1746612574,1746612574,cuisine,Kazakh
12093,1351,1746612574,1746612574,cuisine,Keralite
12094,1351,1746612574,1746612574,cuisine,Korean
12095,1351,1746612574,1746612574,cuisine,Kurdish
12096,1351,1746612574,1746612574,cuisine,Laotian
12097,1351,1746612574,1746612574,cuisine,Latvian
12098,1351,1746612576,1746612576,cuisine,Lebanese
12099,1351,1746612576,1746612576,cuisine,Lithuanian
12100,1351,1746612576,1746612576,cuisine,Louisiana Creole
12101,1351,1746612576,1746612576,cuisine,Maharashtrian
12102,1351,1746612576,1746612576,cuisine,Malay
12103,1351,1746612576,1746612576,cuisine,Malaysian Chinese 
12104,1351,1746612576,1746612576,cuisine,Malaysian Indian 
12105,1351,1746612576,1746612576,cuisine,Mangalorean
12106,1351,1746612576,1746612576,cuisine,Mediterranean 
12107,1351,1746612576,1746612576,cuisine,Mexican
12108,1351,1746612579,1746612579,cuisine,Mordovian
12109,1351,1746612579,1746612579,cuisine,Mughal
12110,1351,1746612579,1746612579,cuisine,Native American
12111,1351,1746612579,1746612579,cuisine,Nepalese
12112,1351,1746612579,1746612579,cuisine,New Mexican
12113,1351,1746612579,1746612579,cuisine,Note by Note 
12114,1351,1746612579,1746612579,cuisine,Nouvelle 
12115,1351,1746612579,1746612579,cuisine,Odia
12116,1351,1746612579,1746612579,cuisine,Pakistani
12117,1351,1746612579,1746612579,cuisine,Parsi
12118,1351,1746612582,1746612582,cuisine,Pashtun
12119,1351,1746612582,1746612582,cuisine,Pennsylvania Dutch
12120,1351,1746612582,1746612582,cuisine,Peranakan
12121,1351,1746612582,1746612582,cuisine,Persian
12122,1351,1746612582,1746612582,cuisine,Peruvian
12123,1351,1746612582,1746612582,cuisine,Polish
12124,1351,1746612582,1746612582,cuisine,Portuguese
12125,1351,1746612582,1746612582,cuisine,Punjabi
12126,1351,1746612582,1746612582,cuisine,Rajasthani
12127,1351,1746612582,1746612582,cuisine,Romanian
12128,1351,1746612584,1746612584,cuisine,Russian
12129,1351,1746612584,1746612584,cuisine,Sami
12130,1351,1746612584,1746612584,cuisine,Serbian
12131,1351,1746612584,1746612584,cuisine,Sindhi
12132,1351,1746612584,1746612584,cuisine,Slovak
12133,1351,1746612584,1746612584,cuisine,Slovenian
12134,1351,1746612584,1746612584,cuisine,Somali
12135,1351,1746612584,1746612584,cuisine,South Indian
12136,1351,1746612584,1746612584,cuisine,Soviet
12137,1351,1746612584,1746612584,cuisine,Spanish
12138,1351,1746612587,1746612587,cuisine,Sri Lankan
12139,1351,1746612587,1746612587,cuisine,Taiwanese
12140,1351,1746612587,1746612587,cuisine,Tamil
12141,1351,1746612587,1746612587,cuisine,Tatar
12142,1351,1746612587,1746612587,cuisine,Thai
12143,1351,1746612587,1746612587,cuisine,Turkish
12144,1351,1746612587,1746612587,cuisine,Udupi
12145,1351,1746612587,1746612587,cuisine,Ukrainian
12147,1351,1746612587,1746612587,cuisine,Vegetarian 
12148,1351,1746612587,1746612587,cuisine,Vietnamese
12149,1351,1746612591,1746612591,cuisine,Yamal
12150,1351,1746612591,1746612591,cuisine,Zambian
12151,1351,1746612591,1746612591,cuisine,Zanzibari
12152,1351,1746612591,1746612591,cuisine,Ainu
12153,1351,1746612591,1746612591,age_group,"71-80"
12154,1351,1746612591,1746612591,cuisine,Sushi
12157,1351,1746612591,1746612591,cuisine,Organic
12158,1351,1746612591,1746612591,cuisine,Pizza
12159,1351,1746612591,1746612591,cuisine,Burgers
12160,1351,1746612591,1746612591,cuisine,Grill
12161,1351,1746612599,1746612599,cuisine,American
12162,1351,1746612599,1746612599,cuisine,Bakery
12163,1351,1746612599,1746612599,cuisine,Ice cream
12164,1351,1746612599,1746612599,cuisine,Healthy
12165,1351,1746612599,1746612599,cuisine,Bagels
12166,1351,1746612599,1746612599,cuisine,Gourmet
12167,1351,1746612599,1746612599,cuisine,Sandwich
12168,1351,1746612599,1746612599,add_on_category,Drink
12169,1351,1746612599,1746612599,add_on_category,Side
12170,1351,1746612599,1746612599,add_on_category,Size
12171,1351,1746612601,1746612601,add_on_category,Dressing
12172,1351,1746612601,1746612601,cuisine,Coffee
12173,1351,1746612601,1746612601,cuisine,Bao
12174,1351,1746612601,1746612601,cuisine,Salads
12175,1351,1746612601,1746612601,cuisine,Rotisseri
12176,1351,1746612601,1746612601,cuisine,Ethiopian
12177,1351,1746612601,1746612601,cuisine,Eritrean
12178,1351,1746612601,1746612601,cuisine,African
12179,1351,1746612601,1746612601,cuisine,Vegan
12180,1351,1746612601,1746612601,cuisine,Breakfast
12181,1351,1746612605,1746612605,cuisine,Juice/Smoothies
12182,1351,1746612605,1746612605,cuisine,Chicken
12183,1351,1746612605,1746612605,cuisine,Donut
12184,1351,1746612605,1746612605,area,Al Shahama
12185,1351,1746612605,1746612605,table_category,Indoor
12186,1351,1746612605,1746612605,special_request,Birthday party
12187,1351,1746612605,1746612605,area,"1970 Frederiksberg"
12188,1351,1746612605,1746612605,menu_item_category,Sushi kitchen
12189,1351,1746612605,1746612605,menu_item_category,Warm kitchen
12190,1351,1746612605,1746612605,menu_item_category,Drinks
12191,1351,1746612608,1746612608,type,Unknown
12192,1351,1746612608,1746612608,cuisine,Unknown
12193,1351,1746612608,1746612608,area,"1620 København"
12194,1351,1746612608,1746612608,area,"1606 København V"
12195,1351,1746612608,1746612608,area,"2500 København"
12196,1351,1746612608,1746612608,area,دبي
12197,1351,1746612608,1746612608,area,"2650 Hvidovre"
12198,1351,1746612608,1746612608,area,"1175 København K"
12199,1351,1746612608,1746612608,area,"4970 Rødby"
12200,1351,1746612608,1746612608,area,"8000 Aarhus C"
12201,1351,1746612615,1746612615,area,"8000 Aarhus"
12202,1351,1746612615,1746612615,area,"1900 Frederiksberg"
12203,1351,1746612615,1746612615,area,Marousi 151 25
12204,1351,1746612615,1746612615,area,"2000 Frederiksberg"
12205,1351,1746612615,1746612615,area,"2610 Rødovre"
12206,1351,1746612615,1746612615,area,"5000 Odense"
12207,1351,1746612615,1746612615,area,"2900 Hellerup"
12208,1351,1746612615,1746612615,area,"3660 Stenløse"
12209,1351,1746612615,1746612615,area,"8586 Ørum Djurs"
12210,1351,1746612615,1746612615,area,"9500 Hobro"
12211,1351,1746612618,1746612618,area,"2605 Brøndby"
12212,1351,1746612618,1746612618,area,"6100 Haderslev"
12213,1351,1746612618,1746612618,area,"2830 Virum"
12214,1351,1746612618,1746612618,area,"8586 Ørum"
12215,1351,1746612618,1746612618,area,"7451 Sunds"
12216,1351,1746612618,1746612618,table_category,Outdoor
12217,1351,1746612618,1746612618,area,"8260 Viby J"
12218,1351,1746612618,1746612618,area,"2400 København"
12219,1351,1746612618,1746612618,area,"2200 København"
12220,1351,1746612618,1746612618,area,"2720 København"
12221,1351,1746612620,1746612620,area,"1561 København v"
12222,1351,1746612620,1746612620,area,"2720 Vanlose"
12223,1351,1746612620,1746612620,area,"4990 Sakskøbing"
12224,1351,1746612620,1746612620,area,"8700 Horsens"
12225,1351,1746612620,1746612620,area,"1171 København K"
12226,1351,1746612620,1746612620,area,"6000 Kolding"
12227,1351,1746612620,1746612620,area,"5330 Munkebo"
12228,1351,1746612620,1746612620,area,"5330 Munkebo"
12229,1351,1746612620,1746612620,area,"2700"
12230,1351,1746612620,1746612620,area,"2700 Brønshøj"
12231,1351,1746612624,1746612624,area,"5560"
12232,1351,1746612624,1746612624,area,"9800 Hjørring"
12233,1351,1746612624,1746612624,area,"9800 Hjoerring"
12234,1351,1746612624,1746612624,area,"3700 Ronne"
12235,1351,1746612624,1746612624,area,"6000 Kolding"
12236,1351,1746612624,1746612624,area,"5900 Rudkøbing"
12237,1351,1746612624,1746612624,area,Ålsgårde
12238,1351,1746612624,1746612624,area,"3140 Ålsgårde"
12239,1351,1746612624,1746612624,area,"7500"
12240,1351,1746612624,1746612624,area,"2670 Greve"
12241,1351,1746612626,1746612626,area,"6700 Esbjerg"
12242,1351,1746612626,1746612626,area,"2700 København"
12243,1351,1746612626,1746612626,area,"3650 Ølstykke"
12244,1351,1746612626,1746612626,area,"1117 København k"
12245,1351,1746612626,1746612626,area,"5812"
12246,1351,1746612626,1746612626,area,"8900"
12247,1351,1746612626,1746612626,area,"2670"
12248,1351,1746612626,1746612626,area,"7650 Bøvlingbjerg"
12249,1351,1746612626,1746612626,area,"1116 København K"
12250,1351,1746612626,1746612626,area,"3600"
12251,1351,1746612632,1746612632,area,"7130 Juelsminde"
12252,1351,1746612632,1746612632,area,"4200 Slagelse"
12253,1351,1746612632,1746612632,area,"2870"
12254,1351,1746612632,1746612632,area,"2870 Dyssegård"
12255,1351,1746612632,1746612632,area,"4760"
12256,1351,1746612632,1746612632,area,"3400 Hillerød"
12257,1351,1746612632,1746612632,cuisine,Værtshus
12258,1351,1746612632,1746612632,cuisine,Is Butik
12259,1351,1746612632,1746612632,area,"4160 Herlufmagle"
12260,1351,1746612632,1746612632,area,"5220"
12261,1351,1746612635,1746612635,area,"1440 København K"
12262,1351,1746612635,1746612635,area,"4600"
12263,1351,1746612635,1746612635,area,"2770"
12264,1351,1746612635,1746612635,area,"3250 Gilleleje"
12265,1351,1746612635,1746612635,area,"1440 København"
12266,1351,1746612635,1746612635,area,"4780 Stege"
12267,1351,1746612635,1746612635,area,"8200 Aarhus"
12268,1351,1746612635,1746612635,area,"4690 Haslev"
12269,1351,1746612635,1746612635,area,"7755 Bedsted Thy"
12270,1351,1746612635,1746612635,area,"2791"
12271,1351,1746612638,1746612638,area,"3210 Vejby"
12272,1351,1746612638,1746612638,area,"5500"
12273,1351,1746612638,1746612638,area,"6950"
12274,1351,1746612638,1746612638,area,"6950 Ringkøbing"
12275,1351,1746612638,1746612638,area,"6950 Ringkøbing"
12276,1351,1746612638,1746612638,area,"7362"
12277,1351,1746612638,1746612638,area,"7362 Hampen"
12278,1351,1746612638,1746612638,area,"7400 Herning"
12279,1351,1746612638,1746612638,area,"7800"
12280,1351,1746612638,1746612638,area,"5800"
12281,1351,1746612641,1746612641,area,"7100 Vejle"
12282,1351,1746612641,1746612641,area,"9000"
12283,1351,1746612641,1746612641,area,"5491 Blommenslyst"
12284,1351,1746612641,1746612641,sales_outcome,Qualified Lead
12285,1351,1746612641,1746612641,sales_outcome,Sales Pitch
12286,1351,1746612641,1746612641,sales_outcome,Lost
12287,1351,1746612641,1746612641,sales_outcome,Call Back Scheduled
12290,1351,1746612641,1746612641,sales_outcome,Perfect process
12291,1351,1746612641,1746612641,sales_outcome,VP not matched
12292,1351,1746612641,1746612641,sales_outcome,LL over-involved
12293,1351,1746612645,1746612645,sales_outcome,Invalid (not target)
12294,1351,1746612645,1746612645,sales_outcome,VP not matched
12295,1351,1746612645,1746612645,sales_outcome,Chose other POS
12296,1351,1746612645,1746612645,sales_outcome,Merchant clueless
12297,1351,1746612645,1746612645,area,"3550"
12298,1351,1746612645,1746612645,area,"8766"
12299,1351,1746612645,1746612645,cuisine,Cafe
12301,1351,1746612645,1746612645,cuisine,KAFFEBØNNEN
12302,1351,1746612645,1746612645,area,"2400 København NV"
12303,1351,1746612645,1746612645,cuisine,Vin
12304,1351,1746612648,1746612648,cuisine,kiosk
12305,1351,1746612648,1746612648,sales_outcome,Unreachable
12306,1351,1746612648,1746612648,sales_outcome,Unreachable
12307,1351,1746612648,1746612648,area,"8210"
12308,1351,1746612648,1746612648,area,"6830 Nørre nebel"
12309,1351,1746612648,1746612648,area,"6690 Gørding"
12310,1351,1746612648,1746612648,sales_outcome,Back to Partner
12311,1351,1746612648,1746612648,cuisine,venue
12312,1351,1746612648,1746612648,area,"2200 København N"
12313,1351,1746612648,1746612648,area,"2680 SOLRØD STRAND"
12314,1351,1746612651,1746612651,area,"2640 Hedehusene"
12315,1351,1746612651,1746612651,area,"8420 Knebel"
12316,1351,1746612651,1746612651,area,"2730 Herlev"
12317,1351,1746612651,1746612651,area,"8900"
12318,1351,1746612651,1746612651,area,"7752 Snedsted"
12319,1351,1746612651,1746612651,area,"1550 København"
12320,1351,1746612651,1746612651,area,"2300 København"
12321,1351,1746612651,1746612651,area,"5560"
12322,1351,1746612651,1746612651,area,"2630 Taastrup"
12323,1351,1746612651,1746612651,area,"5700 Svendberg"
12324,1351,1746612655,1746612655,area,"7323 Give"
12325,1351,1746612655,1746612655,area,"7100"
12326,1351,1746612655,1746612655,area,"7400"
12327,1351,1746612655,1746612655,area,"3000 Helsingør"
12328,1351,1746612655,1746612655,area,"4900 Nakskov"
12329,1351,1746612655,1746612655,area,"48"
12330,1351,1746612655,1746612655,area,"4800 Nykøbing F"
12331,1351,1746612655,1746612655,area,"5230 Odense"
12332,1351,1746612655,1746612655,area,"2800 Kongens Lyngby"
12333,1351,1746612655,1746612655,area,"33"
12334,1351,1746612662,1746612662,area,"3390"
12335,1351,1746612662,1746612662,area,"3390 Sydhavn"
12336,1351,1746612662,1746612662,area,"5600 Faaborg"
12337,1351,1746612662,1746612662,area,"1050 KØBENHAVN K"
12338,1351,1746612662,1746612662,area,"5800 Nyborg"
12339,1351,1746612662,1746612662,area,"1201 KØBENHAVN K"
12340,1351,1746612662,1746612662,area,"1201 KØBENHAVN K"
12341,1351,1746612662,1746612662,area,"5260 Odense S"
12342,1351,1746612662,1746612662,area,"8500 Grenaa"
12343,1351,1746612662,1746612662,area,"2300 KØBENHAVN S"
12344,1351,1746612667,1746612667,area,"6800 varde"
12345,1351,1746612667,1746612667,area,"6800 varde"
12346,1351,1746612667,1746612667,area,"6800 varde"
12347,1351,1746612667,1746612667,area,"6800"
12348,1351,1746612667,1746612667,area,"6800 varde"
12349,1351,1746612667,1746612667,area,"6800 varde"
12350,1351,1746612667,1746612667,area,"6800 varde"
12351,1351,1746612667,1746612667,area,"5000 Odense C"
12352,1351,1746612667,1746612667,area,Sønderborg 6400
12353,1351,1746612667,1746612667,area,"2791 Dragør"
12354,1351,1746612671,1746612671,area,"2620 Albertslund"
12355,1351,1746612671,1746612671,area,"2820 Gentofte"
12356,1351,1746612671,1746612671,area,"5500 Middelfart"
12357,1351,1746612671,1746612671,area,"6880 Tarm"
12358,1351,1746612671,1746612671,area,"8240 Risskov"
12359,1351,1746612671,1746612671,area,"2840 Holte"
12360,1351,1746612671,1746612671,area,"5200 Odense"
12361,1351,1746612671,1746612671,area,"8260"
12362,1351,1746612671,1746612671,area,"8260 Viby J"
12363,1351,1746612671,1746612671,area,"8362 Hørning"
12364,1351,1746612673,1746612673,area,"3520 Farum"
12365,1351,1746612673,1746612673,area,"5230 ODENSE M"
12366,1351,1746612673,1746612673,area,"2880 Bagsværd"
12367,1351,1746612673,1746612673,area,"9000 Aalborg"
12368,1351,1746612673,1746612673,area,"8200 AARHUS N"
12369,1351,1746612673,1746612673,area,"8940 Randers SV"
12370,1351,1746612673,1746612673,area,"8900 Randers"
12371,1351,1746612673,1746612673,area,"6900 Skjern"
12372,1351,1746612673,1746612673,area,"2300 Amager"
12373,1351,1746612673,1746612673,area,"2750 Ballerup"
12374,1351,1746612676,1746612676,area,"4671 STRØBY"
12375,1351,1746612676,1746612676,area,"4840 Nørre Alslev"
12376,1351,1746612676,1746612676,area,"2665"
12377,1351,1746612676,1746612676,area,"8355 Solbjerg"
12378,1351,1746612676,1746612676,area,"4600"
12379,1351,1746612676,1746612676,area,"4600 Køge"
12380,1351,1746612676,1746612676,area,"7700 thisted"
12381,1351,1746612676,1746612676,area,"4200 slagelse"
12382,1351,1746612676,1746612676,area,"7000"
12383,1351,1746612676,1746612676,area,"1656 KØBENHAVN V"
12384,1351,1746612679,1746612679,area,"8300 Odder"
12385,1351,1746612679,1746612679,area,"7300"
12386,1351,1746612679,1746612679,area,"5000 odense"
12387,1351,1746612679,1746612679,area,"3390 Hundested"
12388,1351,1746612679,1746612679,area,"1623 København"
12389,1351,1746612679,1746612679,area,"24"
12390,1351,1746612679,1746612679,area,"2450 København SV"
12391,1351,1746612679,1746612679,area,"8800"
12392,1351,1746612679,1746612679,area,"4573 Højby"
12393,1351,1746612679,1746612679,area,"8320 Mårslet"
12394,1351,1746612684,1746612684,area,"4230 Skælskør"
12395,1351,1746612684,1746612684,area,"2500 Valby"
12396,1351,1746612684,1746612684,area,"7500 Holstebro"
12397,1351,1746612684,1746612684,area,"1650 København"
12398,1351,1746612684,1746612684,area,"8600 Silkeborg"
12399,1351,1746612684,1746612684,area,"1620 KØBENHAVN V"
12400,1351,1746612684,1746612684,area,"7860 Spøttrup"
12401,1351,1746612684,1746612684,area,"9900 Frederikshavn"
12402,1351,1746612684,1746612684,area,"4660 Store Heddinge"
12403,1351,1746612684,1746612684,area,"1254 København K"
12404,1351,1746612687,1746612687,area,"5700 Svendborg"
12405,1351,1746612687,1746612687,area,"9000 Aalborg"
12406,1351,1746612687,1746612687,area,"9400"
12407,1351,1746612687,1746612687,area,"8200 Århus"
12408,1351,1746612687,1746612687,area,"4683 Rønnede"
12409,1351,1746612687,1746612687,area,"4300 Holbæk"
12410,1351,1746612687,1746612687,area,"9330 Dronninglund"
12411,1351,1746612687,1746612687,area,"5642 Millinge"
12412,1351,1746612687,1746612687,area,"6870 Ølgod"
12413,1351,1746612687,1746612687,area,"2665 VALLENSBÆK strand"
12414,1351,1746612691,1746612691,area,"4880 Nysted"
12415,1351,1746612691,1746612691,area,"8340"
12416,1351,1746612691,1746612691,area,"4400 Kalundborg"
12417,1351,1746612691,1746612691,area,"8660 Skanderborg"
12418,1351,1746612691,1746612691,area,"2100 østerbro"
12419,1351,1746612691,1746612691,area,"4000 Roskilde"
12420,1351,1746612691,1746612691,area,"1123 København K"
12421,1351,1746612691,1746612691,area,"4700 Næstved"
12422,1351,1746612691,1746612691,area,"1358 København"
12423,1351,1746612691,1746612691,area,"4700 Næstved"
12424,1351,1746612694,1746612694,area,"3480 Fredensborg"
12425,1351,1746612694,1746612694,area,"4450"
12426,1351,1746612694,1746612694,area,"4450 Jyderup"
12427,1351,1746612694,1746612694,area,"6857 Blåvand"
12428,1351,1746612694,1746612694,area,"5471"
12429,1351,1746612694,1746612694,area,"5881"
12430,1351,1746612694,1746612694,area,"5000 Odense"
12431,1351,1746612694,1746612694,area,"1112 KØBENHAVN K"
12432,1351,1746612694,1746612694,area,"4550 Asnæs"
12433,1351,1746612694,1746612694,area,"4850 STUBBEKØBING"
12434,1351,1746612696,1746612696,area,"1364 København K"
12435,1351,1746612696,1746612696,area,"6950 Ringkøbing"
12436,1351,1746612696,1746612696,area,"8220 Brabrand"
12437,1351,1746612696,1746612696,area,"6340 Kruså"
12438,1351,1746612696,1746612696,area,"4573 HØJBY"
12439,1351,1746612696,1746612696,area,"6200 Aabenraa"
12440,1351,1746612696,1746612696,area,"6430 Nordborg"
12441,1351,1746612696,1746612696,area,"7950 Erslev"
12442,1351,1746612696,1746612696,area,VIRUM 2830
12443,1351,1746612696,1746612696,area,"4623 Lille Skensved"
12444,1351,1746612700,1746612700,area,"8585 Glesborg"
12445,1351,1746612700,1746612700,area,"5700 Svendborg"
12446,1351,1746612700,1746612700,area,"8560 Kolind"
12447,1351,1746612700,1746612700,area,"1879 Frederiksberg C"
12448,1351,1746612700,1746612700,area,"4700 Næstved"
12449,1351,1746612700,1746612700,area,"4700 Næstved"
12450,1351,1746612700,1746612700,area,Næstved 4700
12451,1351,1746612700,1746612700,area,"8400 Ebeltoft"
12452,1351,1746612700,1746612700,area,"5200 ODENSE V"
12453,1351,1746612700,1746612700,area,"2200 København N"
12454,1351,1746612703,1746612703,area,HJØRRING 9800
12455,1351,1746612703,1746612703,area,"4673 Rødvig Stevns"
12456,1351,1746612703,1746612703,area,"4100 Ringsted"
12457,1351,1746612703,1746612703,area,"8800 Viborg"
12458,1351,1746612703,1746612703,area,"9320 Hjallerup"
12459,1351,1746612703,1746612703,area,"3450 Lillerød"
12460,1351,1746612703,1746612703,area,"6753 Agerbæk"
12461,1351,1746612703,1746612703,area,"7673 Harboøre"
12462,1351,1746612703,1746612703,area,"7171"
12463,1351,1746612703,1746612703,area,"9830 Tårs"
12464,1351,1746612706,1746612706,area,"4600 Køge"
12465,1351,1746612706,1746612706,area,"7500 Holstebro"
12466,1351,1746612706,1746612706,area,"4600 køge"
12467,1351,1746612706,1746612706,area,"4800 Køge"
12468,1351,1746612706,1746612706,area, Nærum
12469,1351,1746612706,1746612706,area,"9800 Hjørring"
12470,1351,1746612706,1746612706,area,"1439 København K"
12471,1351,1746612706,1746612706,area,"9690 Fjerritslev"
12472,1351,1746612706,1746612706,area,"2000 Frederiksberg"
12473,1351,1746612706,1746612706,area,"4300 holbæk"
12474,1351,1746612709,1746612709,area,"8500 Grenaa"
12475,1351,1746612709,1746612709,area,"6780 Skærbæk"
12476,1351,1746612709,1746612709,area,"5250"
12477,1351,1746612709,1746612709,area,"2600 Glostrup"
12478,1351,1746612709,1746612709,area,"5471 Søndersø"
12479,1351,1746612709,1746612709,area,"8320 Mårslet"
12480,1351,1746612709,1746612709,area,"1440 København K"
12481,1351,1746612709,1746612709,area,"4684 Holmegaard"
12482,1351,1746612709,1746612709,area,"8450 Hammel"
12483,1351,1746612709,1746612709,sales_outcome,C&C issues
12484,1351,1746612712,1746612712,sales_outcome,Not suitable for LL
12485,1351,1746612712,1746612712,area,"4780 stege"
12486,1351,1746612712,1746612712,area,"9000 Aalborg"
12487,1351,1746612712,1746612712,area,"8305 Samsø"
12488,1351,1746612712,1746612712,area,"4681 Herfølge"
12489,1351,1746612712,1746612712,area,"8544 Mørke"
12490,1351,1746612712,1746612712,area,"6064 Jordrup"
12491,1351,1746612712,1746612712,area,"4220 Korsør"
12492,1351,1746612712,1746612712,area,"4640"
12493,1351,1746612712,1746612712,area,"7000 FREDERICIA"
12494,1351,1746612715,1746612715,area,"7190 Billund"
12495,1351,1746612715,1746612715,area,"2700 Brønshøj"
12496,1351,1746612715,1746612715,area,"8500 Grenaa"
12497,1351,1746612715,1746612715,area,"9870 Sindal"
12498,1351,1746612715,1746612715,area,"4700 Næstved"
12499,1351,1746612715,1746612715,area,"1260 København K"
12500,1351,1746612715,1746612715,area,"2100 København Ø"
12501,1351,1746612715,1746612715,area,"5792"
12502,1351,1746612715,1746612715,area,"6040 Egtved"
12503,1351,1746612715,1746612715,area,"2200 København N"
12504,1351,1746612718,1746612718,area,"2200 København N"
12505,1351,1746612718,1746612718,area,"4673  Rødvig Stevns"
12506,1351,1746612718,1746612718,area,"5800 Nyborg"
12507,1351,1746612718,1746612718,area,"6854 Henne"
12508,1351,1746612718,1746612718,area,"1800 Frederiksberg C"
12509,1351,1746612718,1746612718,area,"4242"
12510,1351,1746612718,1746612718,area,"8766 Nørre Snede"
12511,1351,1746612718,1746612718,area,"2000 Frederiksberg"
12512,1351,1746612718,1746612718,area,"3600 Frederikssund"
12513,1351,1746612718,1746612718,area,"3630 Jægerspris"
12514,1351,1746612721,1746612721,area,"7800 Skive"
12515,1351,1746612721,1746612721,area,"6000"
12516,1351,1746612721,1746612721,area,"7500 Holstebro"
12517,1351,1746612721,1746612721,area,"2620 Albertslund"
12518,1351,1746612721,1746612721,area,"7490 Aulum"
12519,1351,1746612721,1746612721,area,"2860"
12520,1351,1746612721,1746612721,area,"7600 Struer"
12521,1351,1746612721,1746612721,area,"3660 Stenløse"
12522,1351,1746612721,1746612721,area,"7100 Vejle"
12523,1351,1746612721,1746612721,area,"4944 fejø"
12524,1351,1746612724,1746612724,area,"6600"
12525,1351,1746612724,1746612724,area,"8530"
12526,1351,1746612724,1746612724,area,"3540 Lynge"
12527,1351,1746612724,1746612724,area,"6534 Agerskov"
12528,1351,1746612724,1746612724,area,"9400 Nørresundby"
12529,1351,1746612724,1746612724,area,"3000 Helsingør"
12530,1351,1746612724,1746612724,area,"4100 Ringsted"
12531,1351,1746612724,1746612724,area,"3600 frederiksund"
12532,1351,1746612724,1746612724,area,"8500 Grenaa"
12533,1351,1746612724,1746612724,area,"1264 København K"
12534,1351,1746612728,1746612728,area,"4520"
12535,1351,1746612728,1746612728,area,"6971 Spjald"
12536,1351,1746612728,1746612728,area,"2920 Charlottenlund"
12537,1351,1746612728,1746612728,area,"27174906"
12538,1351,1746612728,1746612728,area,"27174906"
12539,1351,1746612728,1746612728,area,"9260 Gistrup"
12540,1351,1746612728,1746612728,area,"2100 København"
12541,1351,1746612728,1746612728,area,"4600 Køge"
12542,1351,1746612728,1746612728,area,"1150 København K"
12543,1351,1746612728,1746612728,area,"7100 Vejle"
12544,1351,1746612731,1746612731,area,"2000"
12545,1351,1746612731,1746612731,area,"2000"
12546,1351,1746612731,1746612731,area,"2000 Frederiksberg"
12547,1351,1746612731,1746612731,area,Frederiksberg
12548,1351,1746612731,1746612731,area,"3520 Farum"
12549,1351,1746612731,1746612731,area,"2720 Vanløse"
12550,1351,1746612731,1746612731,area,"6300"
12551,1351,1746612731,1746612731,area,"2850 Nærum"
12552,1351,1746612731,1746612731,area,"8530 Hjortshøj"
12553,1351,1746612731,1746612731,area,"4600 køge (12466)"
12554,1351,1746612735,1746612735,area,"5602 Avernakø"
12555,1351,1746612735,1746612735,area,"2820 Gentofte"
12556,1351,1746612735,1746612735,area,"9220"
12557,1351,1746612735,1746612735,area,"6700 Esbjerg"
12558,1351,1746612735,1746612735,area,"2625 Vallensbæk"
12559,1351,1746612735,1746612735,area,"6440"
12560,1351,1746612735,1746612735,area,"3050 Humlebæk"
12561,1351,1746612735,1746612735,area,"1879 Frederiksberg"
12562,1351,1746612735,1746612735,area,"3460 Birkerød"
12563,1351,1746612735,1746612735,area,"8830 Tjele"
12564,1351,1746612739,1746612739,area,"6500 Vojens"
12565,1351,1746612739,1746612739,area,"4100 Ringsted"
12566,1351,1746612739,1746612739,area,"4100 Ringsted"
12567,1351,1746612739,1746612739,area,"4100 Ringsted"
12568,1351,1746612739,1746612739,area,"9850 Hirtshals"
12569,1351,1746612739,1746612739,area,"5683 Haarby"
12570,1351,1746612739,1746612739,area,"2100 København Ø"
12571,1351,1746612739,1746612739,area,"2400 København NV"
12572,1351,1746612739,1746612739,area,"2200 København N"
12573,1351,1746612739,1746612739,area,"5462 MORUD"
12574,1351,1746612742,1746612742,area,"2200 København N"
12575,1351,1746612742,1746612742,area,"1850 Frederiksberg C"
12576,1351,1746612742,1746612742,area,"4470"
12577,1351,1746612742,1746612742,area,"8800 VIBORG"
12578,1351,1746612742,1746612742,area,"8800 VIBORG"
12579,1351,1746612742,1746612742,area,"3070 SNEKKERSTEN"
12580,1351,1746612742,1746612742,area,"3070 SNEKKERSTEN"
12581,1351,1746612742,1746612742,area,"2950 Vedbæk"
12582,1351,1746612742,1746612742,area,"4100 Ringsted"
12583,1351,1746612742,1746612742,area,"5610 Assens"
12584,1351,1746612746,1746612746,area,"1171 København K"
12585,1351,1746612746,1746612746,area,"7200 GRINDSTED"
12586,1351,1746612746,1746612746,area,"5620 Glamsbjerg"
12587,1351,1746612746,1746612746,area,"9220 Aalborg Øst"
12588,1351,1746612746,1746612746,area,"2450 København"
12589,1351,1746612746,1746612746,area,"6300 gråsten"
12590,1351,1746612746,1746612746,area,"5871"
12591,1351,1746612746,1746612746,area,"9881 Bindslev"
12592,1351,1746612746,1746612746,area,"3300"
12593,1351,1746612746,1746612746,area,"3300 Frederiksværk"
12594,1351,1746612749,1746612749,area,"9370"
12595,1351,1746612749,1746612749,area,"1051"
12596,1351,1746612749,1746612749,area,"9362"
12597,1351,1746612749,1746612749,area,"9362"
12598,1351,1746612749,1746612749,area,"6360"
12599,1351,1746612749,1746612749,area,"9362 Gandrup"
12600,1351,1746612749,1746612749,area,"1760"
12601,1351,1746612749,1746612749,area,"7430 Ikast"
12602,1351,1746612749,1746612749,area,"2000 Frederiksberg"
12603,1351,1746612749,1746612749,area,"1208"
12604,1351,1746612752,1746612752,area,"1369"
12605,1351,1746612752,1746612752,area,"2970 Hørsholm"
12606,1351,1746612752,1746612752,area,"8940 Randers"
12607,1351,1746612752,1746612752,area,"4593 Eskebjerg"
12608,1351,1746612752,1746612752,area,"3520 Farum"
12609,1351,1746612752,1746612752,area,"5580 Nørre Aaby"
12610,1351,1746612752,1746612752,area,"7500 Holstebro"
12611,1351,1746612752,1746612752,area,"5240"
12612,1351,1746612752,1746612752,area,"6040"
12613,1351,1746612752,1746612752,area,"8500 Grenå"
12614,1351,1746612754,1746612754,area,"8543 Hornslet"
12615,1351,1746612754,1746612754,area,"5871 Frørup"
12616,1351,1746612754,1746612754,area,"5240 Odense"
12617,1351,1746612754,1746612754,area,"5270 Odense"
12618,1351,1746612754,1746612754,area,"5220 Odense"
12619,1351,1746612754,1746612754,area,"8410 Rønde"
12620,1351,1746612754,1746612754,area,"1600 København"
12621,1351,1746612754,1746612754,area,"8340 Malling"
12622,1351,1746612754,1746612754,area,"1369 København"
12623,1351,1746612754,1746612754,area,"8700 Horsens"
12624,1351,1746612758,1746612758,area,"9700 BRØNDERSLEV"
12625,1351,1746612758,1746612758,area,"9310 Vodskov"
12626,1351,1746612758,1746612758,area,Holeby
12627,1351,1746612758,1746612758,area,"2650 Hvidovre"
12628,1351,1746612758,1746612758,area,"1116 København"
12629,1351,1746612758,1746612758,area,"5792 Årslev"
12630,1351,1746612758,1746612758,area,"6630 Rødding"
12631,1351,1746612758,1746612758,cuisine,Slik Butik
12632,1351,1746612758,1746612758,area,"1171 København"
12633,1351,1746612758,1746612758,area,"2860 Søborg"
12634,1351,1746612760,1746612760,area,"3790 Hasle"
12635,1351,1746612760,1746612760,area,"5700 Svendborg"
12636,1351,1746612760,1746612760,area,"7182 Bredsten"
12637,1351,1746612760,1746612760,area,"6310 Broager"
12638,1351,1746612760,1746612760,area,"6560 Sommersted"
12639,1351,1746612760,1746612760,area,"1254 København"
12640,1351,1746612760,1746612760,area,"4930"
12641,1351,1746612760,1746612760,area,"6893 Hemmet"
12642,1351,1746612760,1746612760,area,"6230 Rødekro"
12643,1351,1746612760,1746612760,area,"2660 Brøndby Strand"
12644,1351,1746612763,1746612763,area,"7300 Jelling"
12645,1351,1746612763,1746612763,area,MIDDELFART 5500
12646,1351,1746612763,1746612763,area,"9300 Sæby"
12647,1351,1746612763,1746612763,area,"5700 Svendborg, Tåsinge"
12648,1351,1746612763,1746612763,area,"4791"
12649,1351,1746612763,1746612763,area,"2990 Nivå"
12650,1351,1746612763,1746612763,area,"2400 København NV"
12651,1351,1746612763,1746612763,area,"8382 Hinnerup"
12652,1351,1746612763,1746612763,area,"5874 Hesselager"
12653,1351,1746612763,1746612763,area,"1462"
12654,1351,1746612768,1746612768,area,"2660 BRØNDBY STRAND"
12655,1351,1746612768,1746612768,area,"1112 København"
12656,1351,1746612768,1746612768,area,"7160"
12657,1351,1746612768,1746612768,area,Abu Dhabi
12658,1351,1746612768,1746612768,area,Dubai
12659,1351,1746612768,1746612768,area,"4682 Tureby"
12660,1351,1746612768,1746612768,area,"3490 Kvistgård"
12661,1351,1746612768,1746612768,area,"2730 Herlev"
12662,1351,1746612768,1746612768,area,"9800 Hjørring"
12663,1351,1746612768,1746612768,area,"9000 Aalborg"
12664,1351,1746612772,1746612772,area,"8783 Hornsyld"
12665,1351,1746612772,1746612772,area,"2980 Kokkedal"
12666,1351,1746612772,1746612772,area,"6720"
12667,1351,1746612772,1746612772,area,"8300 Odder"
12668,1351,1746612772,1746612772,area,"9640 Farsø"
12669,1351,1746612772,1746612772,area,"3060 Espergærde"
12670,1351,1746612772,1746612772,area,LØKKEN 9480
12671,1351,1746612772,1746612772,area,"8250 EGÅ"
12672,1351,1746612772,1746612772,area,"8250 egå"
12673,1351,1746612772,1746612772,area,"2720 vanløse"
12674,1351,1746612775,1746612775,area,"2635 Ishøj"
12675,1351,1746612775,1746612775,area,"3200 Helsinge"
12676,1351,1746612775,1746612775,area,"2660 Brøndby Strand"
12677,1351,1746612775,1746612775,area,"6792 Rømø"
12678,1351,1746612775,1746612775,area,"9480 Løkken"
12679,1351,1746612775,1746612775,area,"4736"
12680,1351,1746612775,1746612775,area,"6580 Vamdrup"
12681,1351,1746612775,1746612775,area,"6760"
12682,1351,1746612775,1746612775,area,"6760 Ribe"
12683,1351,1746612775,1746612775,area,"5450 Otterup"
12684,1351,1746612778,1746612778,area,"4871 Horbelev"
12685,1351,1746612778,1746612778,area,"4930 Maribo"
12686,1351,1746612778,1746612778,area,"4180 Sorø"
12687,1351,1746612778,1746612778,area,"8000 Århus C"
12688,1351,1746612778,1746612778,area,"7130 Juelsminde"
12689,1351,1746612778,1746612778,area,"5492"
12690,1351,1746612778,1746612778,area,"4320 Lejre"
12691,1351,1746612778,1746612778,area,"4952 Stokkemarke"
12692,1351,1746612778,1746612778,area,"5874 HESSELAGER"
12693,1351,1746612778,1746612778,area,Fårevejle 4540
12694,1351,1746612781,1746612781,area,"2970 hørsholm"
12695,1351,1746612781,1746612781,area,"9940 Læsø"
12696,1351,1746612781,1746612781,area,"4480"
12697,1351,1746612781,1746612781,area,"4350"
12698,1351,1746612781,1746612781,area,"8550"
12699,1351,1746612781,1746612781,area,"1610 København"
12700,1351,1746612781,1746612781,area,"6470"
12701,1351,1746612781,1746612781,area,"4000 Roskilde"
12702,1351,1746612781,1746612781,area,"9800 Hjørring"
12703,1351,1746612781,1746612781,area,"1610 København V"
12704,1351,1746612784,1746612784,area,"8541 Skødstrup"
12705,1351,1746612784,1746612784,area,"8381 Tilst"
12706,1351,1746612784,1746612784,area,"1104 København K"
12707,1351,1746612784,1746612784,area,"8550 Ryomgård"
12708,1351,1746612784,1746612784,area,"8305 Samsø"
12709,1351,1746612784,1746612784,area,"3760 Gudhjem"
12710,1351,1746612784,1746612784,area,"4591 Føllenslev"
12711,1351,1746612784,1746612784,area,"1366 København"
12712,1351,1746612784,1746612784,area,MARIBO 4930
12713,1351,1746612784,1746612784,area,"2820 Gentofte"
12714,1351,1746612788,1746612788,area,"5300 Kerteminde"
12715,1351,1746612788,1746612788,area,"1360 København"
12716,1351,1746612788,1746612788,area,"4534 Hørve"
12717,1351,1746612788,1746612788,area,"2630 Taastrup"
12718,1351,1746612788,1746612788,area,"5220 Odense SØ"
12719,1351,1746612788,1746612788,area,"4583 Sjællands odde"
12720,1351,1746612788,1746612788,area,"8799 TUNØ"
12721,1351,1746612788,1746612788,area,"2770 Kastrup"
12722,1351,1746612788,1746612788,area,"3050 HUMLEBÆK"
12723,1351,1746612788,1746612788,area,"8680 Ry"
12724,1351,1746612791,1746612791,area, Narsarsuaq
12725,1351,1746612791,1746612791,area,"4500 Nykøbing Sj"
12726,1351,1746612791,1746612791,area,"6853 Vejers Strand"
12727,1351,1746612791,1746612791,area,"8990 Fårup"
12728,1351,1746612791,1746612791,area,"9370 Hals"
12729,1351,1746612791,1746612791,area,"4296"
12730,1351,1746612791,1746612791,area,"3540 Lynge"
12731,1351,1746612791,1746612791,area,"1700 København V"
12732,1351,1746612791,1746612791,area,"2760"
12733,1351,1746612791,1746612791,area,"2650 hvidovre"
12734,1351,1746612794,1746612794,area,"5943 Strynø"
12735,1351,1746612794,1746612794,area,"3730"
12736,1351,1746612794,1746612794,area,"7500 Holstebro"
12737,1351,1746612794,1746612794,area,"7500 Holstebro"
12738,1351,1746612794,1746612794,area,"5700 Svendborg"
12739,1351,1746612794,1746612794,area,"5856 Ryslinge"
12740,1351,1746612794,1746612794,area,"7790 Thyholm"
12741,1351,1746612794,1746612794,area,"3100 Hornbæk"
12742,1351,1746612794,1746612794,area,"6720 Fanø"
12743,1351,1746612794,1746612794,cuisine,"561010 Restauranter"
12744,1351,1746612796,1746612796,area,"5953 Tranekær"
12745,1351,1746612796,1746612796,area,"407405 Mihai Viteazu"
12746,1351,1746612796,1746612796,area,"6950 Ringkøbing"
12747,1351,1746612796,1746612796,area,"3120"
12748,1351,1746612796,1746612796,area,"4300 Holbæk"
12749,1351,1746612796,1746612796,area,"6550"
12750,1351,1746612796,1746612796,area,"2720 Vanløse"
12751,1351,1746612796,1746612796,area,"2200"
12752,1351,1746612796,1746612796,area,"1353 Kbh K"
12753,1351,1746612796,1746612796,area,"2650 Hvidovre"
12754,1351,1746612799,1746612799,area,"2650 Hvidovre"
12755,1351,1746612799,1746612799,area,"4673 Rødvig Stevns"
12756,1351,1746612799,1746612799,area,"1304 København"
12757,1351,1746612799,1746612799,area,"9000 Aalborg"
12758,1351,1746612799,1746612799,area,"9000 Aalborg"
12759,1351,1746612799,1746612799,area,"6920"
12760,1351,1746612799,1746612799,area,"6700 Esbjerg"
12761,1351,1746612799,1746612799,area,"8464 Galten"
12762,1351,1746612799,1746612799,cuisine,Glass
12763,1351,1746612799,1746612799,area,"1158 København"
12764,1351,1746612802,1746612802,area,"8850 Bjerringbro"
12765,1351,1746612802,1746612802,area,"4293 Dianalund"
12766,1351,1746612802,1746612802,area,"9500 Hobro"
12767,1351,1746612802,1746612802,area,"6400 Sønderborg"
12768,1351,1746612802,1746612802,area,"1630"
12769,1351,1746612802,1746612802,area,"1630"
12770,1351,1746612802,1746612802,area,"1630"
12771,1351,1746612802,1746612802,area,"1630"
12772,1351,1746612802,1746612802,area,frederiksberg 2000
12773,1351,1746612802,1746612802,area,frederiksberg 2000
12774,1351,1746612806,1746612806,area,"2000 Frederiksberg"
12775,1351,1746612806,1746612806,area,"8600 Silkeborg"
12776,1351,1746612806,1746612806,area,"9200 Aalborg SV"
12777,1351,1746612806,1746612806,area,"1468 København"
12778,1351,1746612806,1746612806,area,"1408 København"
12779,1351,1746612806,1746612806,area,"8620"
12780,1351,1746612806,1746612806,area,"8270 Højbjerg"
12781,1351,1746612806,1746612806,area,"1057 København K"
12782,1351,1746612806,1746612806,area,"8230"
12783,1351,1746612806,1746612806,area,"1468 København K"
12784,1351,1746612810,1746612810,area,"8700"
12785,1351,1746612810,1746612810,area,"8700"
12786,1351,1746612810,1746612810,area,"8722 Hedensted"
12787,1351,1746612810,1746612810,area,"8950"
12788,1351,1746612810,1746612810,area,"8950"
12789,1351,1746612810,1746612810,area,"2100"
12790,1351,1746612810,1746612810,area,"5772"
12791,1351,1746612810,1746612810,area,"5772 Kværndrup"
12792,1351,1746612810,1746612810,area,"1164 København"
12793,1351,1746612810,1746612810,area,"3740 Svaneke"
12794,1351,1746612812,1746612812,area,"8520"
12795,1351,1746612812,1746612812,area,"5210"
12796,1351,1746612812,1746612812,area,"5210 Odense NV"
12797,1351,1746612812,1746612812,area,"2830 Virum"
12798,1351,1746612812,1746612812,area,"6705 Esbjerg"
12799,1351,1746612812,1746612812,area,"6740 Bramming"
12800,1351,1746612812,1746612812,area,"4200 Slagelse"
12801,1351,1746612812,1746612812,area,"1468 København K"
12802,1351,1746612812,1746612812,area,"1468 København K"
12803,1351,1746612812,1746612812,area,"4720"
12804,1351,1746612815,1746612815,area,"8920 Randers NV"
12805,1351,1746612815,1746612815,area,"2000"
12806,1351,1746612815,1746612815,area,"2000 Frederiksberg"
12807,1351,1746612815,1746612815,area,"1220 København K"
12808,1351,1746612815,1746612815,area,"1211 København"
12809,1351,1746612815,1746612815,area,"5270 Odense N"
12810,1351,1746612815,1746612815,area,"1211 København"
12811,1351,1746612815,1746612815,area,"1211 København"
12812,1351,1746612815,1746612815,area,"9000 Aalborg"
12813,1351,1746612815,1746612815,area,"8500 Grenaa"
12814,1351,1746612818,1746612818,area,"8500 Grenaa"
12815,1351,1746612818,1746612818,area,Glostrup 2600
12816,1351,1746612818,1746612818,area,"2670 Greve"
12817,1351,1746612818,1746612818,area,"6851"
12818,1351,1746612818,1746612818,area,"6330"
12819,1351,1746612818,1746612818,area,"2000 Frederiksberg"
12820,1351,1746612818,1746612818,area,"5000 Odense"
12821,1351,1746612818,1746612818,area,"5863 Ferritslev Fyn"
12822,1351,1746612818,1746612818,area,"1799 København V"
12823,1351,1746612818,1746612818,area,"9430"
12824,1351,1746612821,1746612821,area,"2400 København NV"
12825,1351,1746612821,1746612821,area,"8464 Galten"
12826,1351,1746612821,1746612821,area,"3450 Allerød"
12827,1351,1746612821,1746612821,area,"1370 København"
12828,1351,1746612821,1746612821,area,"5260 Odense S"
12829,1351,1746612821,1746612821,area,"5260 Odense"
12830,1351,1746612821,1746612821,area,"4572"
12831,1351,1746612821,1746612821,area,"8400 Ebeltoft"
12832,1351,1746612821,1746612821,area,"8250 Egå"
12833,1351,1746612821,1746612821,area,"4520 Svinninge"
12834,1351,1746612823,1746612823,area,"9600"
12835,1351,1746612823,1746612823,area,"9600 Aars"
12836,1351,1746612823,1746612823,area,"6851 Janderup Vestj"
12837,1351,1746612823,1746612823,area,"1127"
12838,1351,1746612823,1746612823,area,"8000 Aarhus C"
12839,1351,1746612823,1746612823,area,"4700"
12840,1351,1746612823,1746612823,area,"9000 Aalborg"
12841,1351,1746612823,1746612823,area,"8382 Hinnerup"
12842,1351,1746612823,1746612823,area,"1411 København K"
12843,1351,1746612823,1746612823,area,"9500 Hobro"
12844,1351,1746612828,1746612828,area,"4560 Vig"
12845,1351,1746612828,1746612828,area,"4700"
12846,1351,1746612828,1746612828,area,"7850 Stoholm Jyll"
12847,1351,1746612828,1746612828,area,København K 1115
12848,1351,1746612828,1746612828,area,"1115 København k"
12849,1351,1746612828,1746612828,area,"7840 Højslev"
12850,1351,1746612828,1746612828,area,"5000 Odense C"
12851,1351,1746612828,1746612828,area,"9492 Blokhus"
12852,1351,1746612828,1746612828,area,"4943 Torrig L"
12853,1351,1746612828,1746612828,area,"2970 Hørsholm"
12854,1351,1746612831,1746612831,area,"7080"
12855,1351,1746612831,1746612831,area,"7080 Børkop"
12856,1351,1746612831,1746612831,area,"8260 Aarhus"
12857,1351,1746612831,1746612831,area,"4760 Vordingborg"
12858,1351,1746612831,1746612831,area,"2930 Klampenborg"
12859,1351,1746612831,1746612831,area,"2660 Brøndby Strand"
12860,1351,1746612831,1746612831,area,"1619"
12861,1351,1746612831,1746612831,area,"8960 Randers SØ"
12862,1351,1746612831,1746612831,area,"1799 København"
12863,1351,1746612831,1746612831,area,"5960"
12864,1351,1746612833,1746612833,area,"9550 Mariager"
12865,1351,1746612833,1746612833,area,"9550 Mariager"
12866,1351,1746612833,1746612833,area,"8000 Aarhus C"
12867,1351,1746612833,1746612833,area,"4900 Nakskov"
12868,1351,1746612833,1746612833,area,"8930 Randers NØ"
12869,1351,1746612833,1746612833,area,"5700 Svendborg"
12870,1351,1746612833,1746612833,area,"5700 Svendborg"
12871,1351,1746612833,1746612833,area,"3500 Værløse"
12872,1351,1746612833,1746612833,area,"1256 København K"
12873,1351,1746612833,1746612833,area,"2770 Kastrup"
12874,1351,1746612836,1746612836,area,"8000"
12875,1351,1746612836,1746612836,area,Søllested
12876,1351,1746612836,1746612836,area,"4560 Vig"
12877,1351,1746612836,1746612836,area,karlslunde
12878,1351,1746612836,1746612836,area,"4330 Hvalsø"
12879,1351,1746612836,1746612836,area,"4700 Næstved"
12880,1351,1746612836,1746612836,area,"2300 København S"
12881,1351,1746612836,1746612836,area,"6933 Kibæk"
12882,1351,1746612836,1746612836,sales_outcome,Signature Pending
12883,1351,1746612836,1746612836,sales_outcome,Contract Signed
12884,1351,1746612839,1746612839,sales_outcome,Onboarding Complete
12885,4282,1746613797,1746613797,area,"9460"
12886,21782,1746695593,1746695593,area,"1829 Frederiksberg"
12887,4279,1747035761,1747035761,area,"8930 Randers NØ"
12888,0,1747212728,1747212728,area,"1364 København"
12889,22616,1747315229,1747315229,area,"4874"
12890,22616,1747315243,1747315243,area,"4874 Gedser"
12891,4282,1747381263,1747381263,area,BRÆDSTRUP
12892,4278,1747660830,1747660830,area,"5762 Vester Skerninge"
12893,4278,1747744176,1747744176,area,"5260 Odense S"
12894,4278,1747744221,1747744221,area,"5260 Odense S"
12895,22890,1747762996,1747762996,area,"5960 Marstal"
12896,4162,1748255875,1748255875,area,"2880 Bagsværd"
12897,4162,1749554060,1749554060,area,"4800"
12898,21782,1749554640,1749554640,area,"4800 Nykøbing F"
12899,4279,1749734322,1749734322,area,"5800 Nyborg"
12900,4285,1750069396,1750069396,area,"9530 Støvring"
12901,4279,1750077894,1750077894,area,"5500 Middelfart"
12902,4288,1750245256,1750245256,area,"8380 Trige"
12903,4288,1750329441,1750329441,area,"1306 København K"
12904,4279,1750769632,1750769632,area,"2200 København N"
12905,4288,1750840048,1750840048,area,"6470 Sydals"
12906,22567,1750851196,1750851196,area,"1962"
12907,22567,1750851209,1750851209,area,"1962 Frederiksberg C"
12908,22616,1750933466,1750933466,area,"1820"
12909,21782,1751629034,1751629034,area,"1961 Frederiksberg"
12910,4166,1752049291,1752049291,area,"7900 Nykøbing M"
12911,4282,1752223987,1752223987,area,"2000"
12912,22734,1752836979,1752836979,area,"8832 Skals"
12913,21782,1753194722,1753194722,area,"2791 Dragør"
12914,4278,1753437898,1753437898,area,"4700 Næstved"
12915,4279,1753688675,1753688675,area,"2670"
12916,4279,1753693052,1753693052,area,"2670"
12917,21782,1753694571,1753694571,area,"2670 Greve"
12918,4279,1753773500,1753773500,area,"3200 Helsinge"
12919,4282,1754470933,1754470933,area,"9210"
12920,22616,1754657042,1754657042,area,"Bogholder Allé 65, st. 2720 Vanløse Denmark"
